driverId,name,ssn,location,certified,wage-plan
10,Michelle Reed,522-10-8523,"Unit 2205 Box 4309
DPO AE 65099",Y,hours
11,Samuel Stewart,420-88-8149,"8061 Julie Station
Lake Andrew, MO 32190",Y,hours
12,Monica Lewis,828-66-5686,"65352 Kristi Shoal Suite 039
East Russell, NJ 36981",N,miles
13,Gerald Maldonado,153-05-6106,"PSC 2432, Box 2323
APO AP 63390",Y,hours
14,Robert Cunningham III,620-69-3956,"23225 Kevin Well Suite 534
Stephanieberg, AS 52128",Y,hours
15,Kelsey Randall,302-20-9049,"61406 Martinez Bypass
Liustad, AS 55201",N,miles
16,Jasmine Maynard,041-52-2267,"195 Floyd Highway
New Karenville, AR 64308",N,miles
17,Bryan Harris,097-89-8542,"28870 Elizabeth Dale Apt. 421
Smithton, HI 55004",N,miles
18,Joseph Kelley,376-32-8618,"016 Hannah Shoal Apt. 198
East Ronald, TX 65359",Y,hours
19,Maria Benton,697-04-2937,"Unit 4305 Box 9667
DPO AP 67013",Y,hours
20,Loretta Alexander,330-25-7637,"904 Sanford Turnpike
Sharpton, NH 64903",N,hours
21,Nathan Fisher,308-85-3229,"005 John Green
West Matthew, WI 54767",N,hours
22,Keith Webb,848-06-6195,"08436 Annette Isle
Lake Joseph, KY 50878",N,miles
23,Travis Wright,772-88-2494,"USS Johnson
FPO AA 92084",N,miles
24,Robert Wells,820-35-8242,"07611 Horn Underpass Suite 314
New Elizabeth, NV 79437",N,hours
25,Alyssa White,553-16-3791,"60971 Suzanne Locks
South Frankshire, UT 59944",N,hours
26,Gary Dunlap,418-95-0148,"USS Malone
FPO AA 99493",N,hours
27,Jenna Cook,374-75-8658,"2579 Yvonne Unions Suite 370
South Josephchester, OR 05746",N,hours
28,Rebecca Chang,034-33-4474,"277 Perkins Trafficway Apt. 590
Port Mindy, ID 55939",Y,miles
29,Linda Rivera,587-43-8131,"USNS Simmons
FPO AP 51578",N,hours
30,Steven Anderson,307-45-4731,"266 Price Wall Suite 129
Davisfurt, MD 68003",N,miles
31,Jimmy Robertson,619-86-0061,"Unit 1424 Box 6307
DPO AE 30484",N,hours
32,Tracy Vasquez,515-87-3716,"9145 Julie Lodge Apt. 145
Parkerstad, ND 98608",N,miles
33,Rhonda Phillips,101-16-5217,"42139 Hill Islands
North Jaredchester, NJ 75495",Y,miles
34,Larry Mooney,767-78-9740,"PSC 1128, Box 3404
APO AE 07737",Y,miles
35,Ashley Nixon,616-54-2658,"972 Ramos Corner
North Kayla, PA 25169",N,hours
36,Donald Burke,839-18-5989,"PSC 7769, Box 1944
APO AE 26727",Y,hours
37,Mitchell Watkins,351-28-7451,"1365 Nathan Neck Apt. 189
New Garyshire, LA 46045",Y,miles
38,Nicolas Burgess,357-11-6941,"20944 Kevin Common Apt. 616
West Kenneth, LA 72414",N,hours
39,Adam Rios,111-24-0269,"13340 Ford Streets
Marybury, UT 45720",Y,hours
40,Marissa Haynes,644-70-2676,"75890 Michael Isle Suite 038
Ryanland, SC 65983",N,miles
41,David Garcia,323-17-7722,"0757 Jeffrey Parkways Apt. 471
Careyton, TN 24161",Y,miles
42,Sheila Jordan,723-58-7867,"14126 Cooley Walks Apt. 765
West Zachary, GU 18421",Y,miles
43,Daniel Chambers,352-24-0339,"9474 Kristine Crest Suite 118
Lake Sean, GA 82392",N,miles
44,Ryan Terrell,274-08-2438,"54006 Smith Canyon Apt. 541
Timothyfort, NM 22226",Y,miles
45,Jared Daniels,761-62-1114,"5993 Hanson Keys
Amychester, KY 92729",Y,hours
46,Jasmine Wilson,412-41-2887,"6731 Chase Ways Apt. 039
Derrickchester, GU 79894",N,hours
47,John Figueroa,231-52-0343,"9813 Allison Oval Suite 843
West Michele, AZ 50962",N,hours
48,Brian Mcmillan,451-77-8600,"07255 Gloria Spur
Garciastad, ME 66169",N,hours
49,Amanda Jefferson,501-20-3240,"61815 George Mountains Apt. 333
Brownbury, NY 84541",Y,miles
50,Donald Watkins,745-07-1478,"638 Theresa Ford Apt. 182
Courtneyview, OK 42561",N,hours
51,James Barnes,827-81-1152,"136 Garrison Pike
East Wendy, VI 77697",N,hours
52,Debbie Martinez,720-37-9745,"830 Kimberly Haven Suite 465
West Heatherport, VI 26976",Y,hours
53,Julia Hall,091-35-2531,"97699 Wise Wall Suite 853
New Christina, WI 20581",N,hours
54,Samantha Williams,593-12-6022,"3182 Carrie Roads Apt. 591
West Marissa, ND 54315",Y,hours
55,Kenneth Smith,661-42-3891,"728 Dawn Rest
Parkerberg, KS 64705",Y,miles
56,Samantha Hudson,365-32-9985,"81946 Price Union
South Anthonyfort, GU 34357",N,hours
57,Michael Eaton,853-99-2783,"608 Potts Common Apt. 390
West Monica, SC 16598",N,hours
58,Tina Williams,476-54-9029,"640 Wallace Plaza Suite 664
East Jeremystad, CT 41678",N,miles
59,Walter Shaffer,741-54-4555,"61148 Travis Ways
Rebeccatown, NV 71919",Y,miles
60,Brian Park,625-06-4787,"6381 David Extension Suite 043
South Jessicaville, OR 31402",Y,hours
61,Faith Collier,235-63-3850,"0464 Lauren Forks
Fordmouth, OK 45748",N,miles
62,Stacy Bryan,556-65-1088,"6100 Thompson Locks
New Kathleen, WV 48125",N,miles
63,Jennifer Murillo,243-73-8770,"7086 Ryan Pines
West Nicholas, MO 61954",Y,miles
64,Desiree Scott,233-92-1808,"7438 Allison Brooks Suite 778
Juliaview, NV 54428",N,miles
65,Patricia Hubbard,727-81-5860,"365 Gomez Dale
Port Coryside, NM 87717",N,miles
66,Taylor Adams,547-40-7905,"703 Kyle Passage
Port Breanna, VI 99194",Y,hours
67,Joseph Hernandez,738-97-7963,"4196 Barton Harbor
Courtneyton, RI 43269",Y,hours
68,David Thomas,463-05-0229,"146 Ferguson Passage Suite 738
Coopershire, AK 48365",Y,hours
69,Lynn Russell,769-61-2787,"8433 Edward Brook
East Regina, VT 84336",Y,hours
70,Megan Russell,377-20-3570,"7734 Martin Burg
Natalieport, MI 52342",N,miles
71,Benjamin Martin,695-52-2304,"300 Aguirre Prairie Apt. 695
Rosalesfurt, IL 64117",N,miles
72,Claire Smith,097-75-9376,"6914 Evans Spur
North Christophermouth, IL 36149",Y,hours
73,Andrew Price,496-64-2266,"071 Lee Springs
East Ethanburgh, HI 36634",Y,miles
74,Terry Krueger,214-28-2306,"2792 Ian Place Suite 152
Paulview, PA 29249",N,miles
75,Randall Williams,022-35-2754,"002 Simmons Mountains
East Danielleshire, OR 42922",Y,hours
76,Caitlin Smith,346-18-1023,"1537 Watkins Ranch Apt. 791
Lozanohaven, MA 23525",Y,miles
77,David Mccoy,415-29-9474,"1767 Hayes Valleys Apt. 467
South Veronicafort, MH 23606",Y,miles
78,Ryan Durham,768-18-6922,"Unit 7840 Box 3367
DPO AE 49624",Y,miles
79,Anthony Price,176-37-3645,"058 Coleman Isle
Carterfort, AR 35777",Y,miles
80,Lisa Reed,016-43-6814,"732 Wade Inlet
Juliechester, UT 42515",N,hours
81,Olivia Dennis DVM,298-77-8055,"719 Mendoza Summit
Johnsonland, MN 75119",Y,miles
82,Amanda Young,828-26-5851,"91091 Perkins Mills Suite 216
Bakerfort, DC 29219",N,miles
83,Brent Juarez,701-68-9555,"USS Mcneil
FPO AA 51950",Y,hours
84,Kevin Barnes,513-34-6990,"103 Jacob Passage
North Lindamouth, NC 45088",N,hours
85,Anthony Franco,721-94-2710,"90884 Kyle Valleys
New Mollymouth, PA 67110",N,miles
86,Anne Alvarez,547-89-3500,"PSC 3159, Box 8797
APO AE 79311",Y,miles
87,Isabel Harrison,750-42-4734,"290 Bethany Port Suite 827
South Sherriborough, WA 94989",N,hours
88,Chase Ramos,701-41-5165,"4407 Daniel Green Apt. 565
Freemanshire, VA 67274",Y,hours
89,Renee Robertson,095-24-4772,"80750 Joan Parks
West Stephenburgh, NJ 35285",N,hours
90,Andrew Elliott,746-88-7077,"5791 Nguyen Key Suite 150
Brianhaven, GA 05878",Y,miles
91,Tammy Herrera,576-43-0936,"5437 Thompson Fall Apt. 997
New Marybury, MS 31371",Y,miles
92,Morgan Raymond,030-75-5327,"7377 Tucker Brooks
New Ariana, SC 12840",Y,miles
93,Amanda Phillips,173-64-6785,"78880 Amanda Lock Apt. 059
Port Sharon, MA 78754",N,hours
94,Christopher Buck,492-36-6617,"3853 Henderson Station
Meganfort, AR 23815",Y,miles
95,Brian Hansen,477-66-1275,"186 Daniel Loop
North Danny, IA 26825",N,hours
96,Kristin Hawkins,325-37-5359,"525 Rollins Trace Apt. 533
Lake Debbie, AZ 46607",Y,hours
97,Joseph Flores,838-60-7841,"713 Amanda Ridge
Powellland, PR 01461",N,hours
98,Ellen Andrews,249-66-6225,"919 Reed Extensions
Port Christopher, LA 45980",N,hours
99,Christian Mitchell,674-25-8632,"0966 Nancy Cape Apt. 421
Amandaton, TX 32525",N,miles
100,Sarah Young,059-71-3874,"511 Nelson Gateway Suite 426
West John, IL 77267",Y,miles
101,Victoria Clark,076-05-7021,"2938 Stein Forks Suite 968
Loweryshire, GU 87585",N,hours
102,Jonathan Chen,487-68-4602,"033 Nancy Burg
Lake Andrewland, MP 66385",Y,hours
103,Steven Fleming,503-21-0037,"291 Abbott Stravenue Apt. 607
Josephmouth, PR 01718",N,hours
104,Shannon Smith,727-19-1402,"6033 Courtney Branch Apt. 475
Stephanieside, MI 74111",Y,miles
105,Christopher Schultz,430-04-4064,"0815 Brandon Greens
Markfort, VI 98356",N,hours
106,Nancy Johnson,160-67-4199,"4658 George Ridge
West Patriciaberg, KS 80703",N,hours
107,Rose Cabrera,686-34-5086,"09916 Bradley Well Apt. 765
Davisside, PR 46456",Y,miles
108,George Washington,742-27-2132,"069 Garcia Ramp
South Allisonborough, SC 70626",N,hours
109,Mercedes Rodriguez,744-32-0850,"1764 Wallace Ports
South Christieshire, UT 72230",N,miles
110,Adrian Kelly,784-58-7174,"405 William Mill Apt. 000
Jacksonstad, DE 41256",Y,miles
111,Regina Flowers,257-56-8077,"80066 Berry Brooks
East Ashleyberg, VI 75047",Y,miles
112,Arthur Parker,762-73-8474,"298 Carey Common
Andrewsfurt, WA 56996",N,hours
113,Janet Bentley,667-39-4982,"291 Patrick Estate
South Lindsey, OR 81017",N,hours
114,Tanya Flores,179-66-7745,"329 Jensen Junction
East Joseph, NY 90245",N,miles
115,Michael Williams,533-91-5754,"63215 Harvey Bridge
Michaelview, ND 57306",Y,miles
116,William Lang,824-33-9960,"70372 Loretta Fall Apt. 995
Samanthabury, SD 78579",N,miles
117,George Manning,168-07-7877,"4205 Jennifer Island Suite 327
North Michaelmouth, VA 66003",N,miles
118,Lance Graham,868-80-9814,"607 Dean Gardens Suite 817
Port Cassidy, OH 06350",N,miles
119,Martin Harper,589-64-7651,"48553 Rice Drive
Lake Emily, VI 02917",Y,miles
120,Teresa Nunez,737-02-3131,"5536 Bullock Shoal
New Robertmouth, TN 83141",N,hours
121,Kenneth Mills,681-30-2714,"41822 Miller Crest
Trevinostad, IN 39711",N,miles
122,Stephanie Martinez,875-78-7971,"082 Cody Squares
North Kellychester, WA 38558",N,miles
123,Anthony Chambers,375-61-0373,"18566 Sarah Flats
Sandraburgh, OK 36273",Y,miles
124,Lauren Shelton,234-36-4990,"99970 Carter Extensions Suite 252
Finleyland, SD 66009",Y,hours
125,Nicole Harris,084-01-6384,"54794 Roberson Path Suite 722
Jorgeland, WA 56855",Y,hours
126,Jennifer Preston,780-81-9108,"3673 Nancy Inlet
North Christopherside, PR 58266",Y,hours
127,Yvette Sharp,156-97-6054,"3705 Fields Spring Apt. 562
Lake Patriciaberg, MI 06615",Y,hours
128,Alyssa Davis,253-13-7565,"Unit 1446 Box 0990
DPO AE 37854",Y,miles
129,Jorge Beasley,295-83-9666,"97252 Sanders Drive Suite 011
West Gregoryfort, AL 76560",N,miles
130,Raymond Terrell,628-13-1040,"421 Stephen Cliffs
Port Robert, HI 10440",N,miles
131,Maria Cross,316-42-9777,"239 Salazar Path
Michellestad, DE 46064",Y,miles
132,Robert Ramirez,723-95-2660,"94977 Jeanette Flats
West David, NJ 39611",N,miles
133,Jesus Velez,518-03-9842,"7650 Maldonado Way Apt. 911
Anthonymouth, PR 47195",Y,miles
134,Lauren Robinson,778-83-2078,"48311 Fischer Vista
Smithburgh, MA 16938",N,hours
135,Charlene Clark,727-15-7535,"003 Kendra Mountains
North Brendan, KY 32738",N,miles
136,Charles Meyer,110-86-4035,"5518 Elliott Village
Jaimehaven, PW 51315",Y,miles
137,Alyssa Flores MD,719-70-3792,"211 Cassandra Station
Ballfort, SC 20713",N,miles
138,William Haley,537-81-3445,"475 Brandon Pines Apt. 055
South Erika, AK 52218",N,hours
139,Thomas Young,727-80-7493,"927 Wells Mountain
Nathanielville, WA 87989",N,hours
140,Jennifer Long,199-32-4641,"486 Leah Lakes Suite 114
South Nataliemouth, CO 60425",Y,hours
141,Tonya Smith,729-65-2668,"865 Russell Greens Apt. 413
Port Andrew, NM 26316",N,hours
142,Jerome Arias,689-26-5407,"667 Chase Key Apt. 509
Rayview, MS 69982",Y,miles
143,Ralph Romero,736-99-4459,"33295 Gregory Rapids
Oliverland, VI 24211",N,hours
144,Donna Mcdaniel,705-67-8542,"3416 Jill Crossroad
Lake Cody, OK 10829",Y,miles
145,Wayne Ramirez,616-81-5663,"28211 Bryant Station Apt. 507
Wallaceport, NE 97984",Y,hours
146,Chris Medina,367-77-9943,"330 Joseph Drives
Port John, VI 53809",N,hours
147,Kevin Phillips,231-86-6288,"209 Craig Glen
Jimmyfort, WA 38077",Y,hours
148,Samantha Taylor,541-97-6939,"30772 Mccoy Path
East Larry, KS 23831",Y,miles
149,Jared Murray,629-99-2838,"Unit 6642 Box 1472
DPO AA 38203",Y,hours
150,Lori Rivera,033-61-7544,"28450 David Summit Suite 306
New Angelastad, MD 19391",Y,miles
151,Calvin Duncan,443-77-6128,"0086 Nicole Village Suite 885
Leslieberg, VA 19749",Y,miles
152,Tiffany Vaughn,049-06-0949,"9045 Jackson Corners Apt. 283
Riveraside, OR 02619",N,miles
153,Tyler Cervantes,718-21-9802,"59244 Michael Freeway
Harperton, WA 41603",Y,miles
154,Stephen Clayton,081-73-0954,"912 William Loaf Apt. 567
Anitaside, UT 56117",Y,miles
155,Allison Leon,713-22-0659,"87338 Johnston Club Apt. 027
Taylorborough, NE 21946",N,miles
156,Marie Allison,310-36-6485,"USS Nicholson
FPO AE 97574",N,hours
157,Jonathan Terrell,040-14-0041,"3765 Berg Locks Suite 196
Anthonymouth, VA 83767",Y,miles
158,Antonio Thornton,093-56-8606,"34496 Sarah Extensions Apt. 867
South Samantha, WA 28543",Y,miles
159,Tina Kim,121-17-1561,"342 Andre Curve
Julieport, UT 98617",N,hours
160,Philip Gonzalez,345-01-3668,"Unit 9480 Box 2438
DPO AE 93812",Y,miles
161,Deborah Sweeney,323-86-7840,"3042 Audrey Road
Jeanneview, MT 97716",Y,hours
162,Christopher Bishop,540-03-7586,"186 Smith Trafficway
Lake Heather, NC 13232",Y,hours
163,David Braun,354-75-0634,"2537 Colleen Station
West Gabrielberg, KS 85739",N,hours
164,Kathryn Rogers,499-63-3670,"9363 Rice Rue
Hinestown, NC 44027",N,hours
165,Stephen Guerra,335-88-3822,"8867 Tran Run
New Chadport, PA 93570",Y,miles
166,William Gardner,075-84-0738,"2051 Danielle Lodge Suite 318
Kimberlymouth, WI 91116",N,hours
167,Benjamin Jones,877-96-3159,"2774 Megan Spur Suite 833
Jamesshire, OK 74717",Y,hours
168,Teresa House,699-86-1758,"208 Scott Fort Suite 286
Michellechester, NY 61906",N,hours
169,Anna Cervantes,674-74-1958,"738 Paula Walk
West Josephhaven, OH 88964",N,miles
170,Mrs. Victoria Tucker,450-05-3681,"79383 Rivera Knolls Suite 136
Waynestad, FL 66143",Y,hours
171,Larry Reynolds,722-13-7637,"1028 Rachel Bypass Suite 220
Westmouth, MO 08058",N,hours
172,Traci Scott,505-23-4747,"4132 Cindy Crescent
Williamsmouth, MA 47376",Y,hours
173,Katherine Manning,478-44-3777,"3665 Robert Road
Williamsberg, NY 58596",N,miles
174,Cynthia Hernandez,326-10-4817,"266 Rachel Camp
South Carlamouth, VT 05213",N,hours
175,Douglas Williams,261-87-5951,"2709 Kelley Isle
Vargasland, WY 17436",N,hours
176,Jenny Ramirez,552-61-5964,"69071 Smith Station Suite 645
Peterschester, FM 09818",Y,miles
177,Raymond Anderson,316-16-2276,"87209 Jeffrey Ferry
East Thomas, AK 19676",Y,hours
178,Todd Chen,321-11-8732,"951 Foster Curve
North Ashleyberg, CA 22991",Y,hours
179,Michael Smith,025-37-9382,"PSC 1341, Box 5511
APO AE 56942",N,hours
180,Krystal Wheeler,213-89-8224,"6090 Torres Via
Douglasland, LA 37130",Y,miles
181,Gregory Neal,081-21-3376,"5972 Miller Cliff Apt. 595
Port Jasmine, PA 54553",Y,miles
182,Susan Williams,201-12-7053,"838 Michelle Plain
Adammouth, WY 55057",N,miles
183,Andrew Richardson,640-14-8360,"10506 Thomas Springs
New Jill, AS 29199",N,hours
184,Antonio Olsen,489-90-4220,"8079 Douglas Land
South Dontown, GA 73413",Y,hours
185,Jeffrey Davis,414-07-9522,"42707 Hall Cape
East Karenshire, ND 40414",N,miles
186,Ronald Rodriguez,894-35-0506,"91824 Blake Islands Suite 691
Brandyland, RI 49297",N,hours
187,Paul Wallace,406-48-8403,"6746 Ryan Key
Justinport, WY 72967",N,hours
188,Gregory Thomas,856-81-0723,"Unit 5381 Box 5127
DPO AE 05660",N,miles
189,Dean Bolton,430-35-2153,"02718 David Bridge Apt. 072
West Brian, OH 14080",N,hours
190,Laurie Greene,337-16-7574,"410 Donna Streets Suite 486
Craigville, IL 31166",N,hours
191,Catherine York,560-38-8098,"USS Gonzales
FPO AP 64582",N,hours
192,Isabel Davis,175-54-4087,"77266 Ramirez Trafficway
East Donaldhaven, WV 38324",Y,miles
193,Christopher Solis,893-09-6483,"818 Nathan Island
New Leslie, PW 96349",N,miles
194,Matthew Davis,368-46-3916,"501 Alan Landing
Coxchester, IN 91882",Y,miles
195,Robert Campos,824-42-7905,"991 Denise Meadows
New Christinachester, RI 14621",Y,miles
196,Troy Austin,559-59-8640,"Unit 2439 Box 9373
DPO AE 45016",Y,hours
197,Erin Cain,676-51-9689,"50168 Atkinson Points
New Ronald, FL 57591",Y,miles
198,Travis Montoya,296-43-3081,"0500 Flores Crossroad Apt. 848
Alicialand, ND 70679",Y,miles
199,Valerie Soto,695-41-5831,"USNS Dunlap
FPO AE 82241",N,hours
200,Alicia Richmond,698-98-1231,"5647 David Wall Apt. 874
Annafurt, NM 72094",Y,miles
201,Kimberly Fisher MD,539-19-5415,"4403 Lee Alley
North Tina, MH 85190",N,miles
202,Elizabeth Mcdaniel,884-98-4447,"25902 Eric Passage Suite 404
Lyonsfort, WV 45895",N,hours
203,Terrence Rice,655-61-6905,"1668 Thomas Valleys
Port David, WV 72026",Y,hours
204,Brianna Richardson,802-46-8172,"53893 Lindsay Mill Apt. 783
Lake Rachelton, MD 53720",Y,hours
205,Jessica Gilmore,482-38-1376,"873 Morgan Forks
Singhview, CT 08722",Y,hours
206,Mary Hawkins,317-91-6018,"984 Meyer Track
Jenniferhaven, NV 45081",Y,hours
207,Mitchell Turner,497-84-7608,"28399 Samantha Orchard Apt. 342
Mariaborough, VI 82878",N,miles
208,Kristen Williams,336-41-9452,"53577 Reynolds Squares Apt. 426
Wendystad, CA 74882",N,hours
209,Mary Jordan,077-50-6246,"69962 Sandra Crescent Suite 895
Port Aprilton, WY 70346",N,hours
210,Shannon Golden,856-66-2057,"915 Hernandez Trafficway Apt. 068
Kimberlyville, GA 66014",Y,miles
211,Teresa Barrera,124-97-8168,"6519 Solomon Walk Apt. 223
East Jenniferville, UT 01054",Y,miles
212,Christina Chapman,818-80-4708,"412 Wilson Forest Suite 363
Mahoneymouth, NY 22494",N,miles
213,Richard Parrish,362-88-2361,"Unit 0174 Box 7802
DPO AP 88765",Y,hours
214,John Hodge,105-45-3540,"41317 Paige Plains
Williamburgh, KS 49476",Y,miles
215,William Moss,852-89-8069,"2251 Stephen Tunnel
Boydmouth, VT 47564",Y,hours
216,Wanda Brown,100-03-4291,"30407 Saunders Island
East Randall, MN 33091",N,miles
217,Rebecca Cox,880-56-9469,"33402 Heather Ports Suite 430
Port George, ND 01150",Y,hours
218,Kimberly Sexton,762-17-0485,"53916 Lonnie Mountain Apt. 518
Josephview, VI 80569",Y,miles
219,Theresa Nguyen,857-09-7176,"82245 Barry Common Suite 497
Jeanburgh, MO 06803",Y,hours
220,Emily Adkins,538-65-1692,"217 Michael Trail
Harveyberg, TX 28203",Y,hours
221,Julia West,045-90-7089,"5607 Pittman Ridges Suite 405
Harringtontown, DE 87465",N,miles
222,Christopher Leonard,459-42-8976,"448 Smith Drive Suite 212
North Mollyside, DE 19232",Y,miles
223,Mrs. Kelly Schroeder DDS,031-58-7186,"7455 Kim Landing Suite 412
South Darryl, SC 93355",Y,hours
224,Joe Jones,261-85-5591,"47519 Sharp Corner Suite 702
Barkerfurt, MH 67852",Y,hours
225,Lori Jackson,670-65-5733,"632 Gibson Park Suite 112
North Larry, GA 15431",N,hours
226,Christopher Diaz,258-25-7339,"6993 French Valleys
Batesview, CA 90107",N,miles
227,Miss Tiffany Jackson,509-88-3717,"80732 Catherine Ways
West Travisborough, VA 23020",Y,miles
228,Kelly Mitchell,225-23-4210,"408 Terry Neck Apt. 335
West Matthew, HI 27271",N,miles
229,Jessica Harrison,509-18-6374,"074 Smith Way Suite 335
South Brittany, ND 94586",N,hours
230,Caroline White,345-40-6162,"4156 Parker Park Suite 342
East Joshua, IL 84947",N,miles
231,David Wolf,497-16-0212,"19332 Fleming Trail Suite 335
Stevenchester, MH 70419",N,hours
232,Tina Gonzalez,437-64-9805,"706 Shaffer Port
Morrowtown, NJ 34016",N,hours
233,Janet Mason,824-86-3036,"191 Charles Mission
Shannonchester, OK 89251",N,hours
234,Melanie Brown,399-02-9336,"51881 Joanna Stravenue Suite 375
Jacobmouth, MS 48386",N,miles
235,Kara Wright,897-73-1815,"7611 Brittany Ports
Port Nicoleside, NH 54673",Y,miles
236,Beth Williams,106-49-5540,"036 Amy Gardens
Nancyshire, OK 03267",N,hours
237,Daniel Dixon PhD,558-96-0713,"79893 Adams Hollow Suite 647
Jonesville, UT 02270",Y,miles
238,Cheyenne Perez,733-94-9872,"Unit 4256 Box 3063
DPO AA 67899",N,hours
239,David Koch,776-38-4113,"3245 Gabriela Route
Port Desiree, MO 62527",N,hours
240,Melissa Meza,166-80-9683,"53306 Brady Avenue
Jodibury, CT 41703",N,miles
241,Raymond Lopez Jr.,608-51-2284,"799 Monroe Junction Apt. 834
North Jonathan, MN 95711",N,miles
242,Paige Hernandez,770-67-0952,"654 Gibbs Crest
Norrismouth, UT 29581",Y,miles
243,Desiree Lopez,884-95-0051,"5777 Danielle Center Apt. 838
East Dustin, NH 72203",Y,miles
244,Chelsea Smith,497-10-5737,"7682 Matthew Springs Apt. 736
Johnsonhaven, AR 37071",Y,miles
245,Jason Patrick,299-54-6469,"7985 Johnson Point Suite 387
North Melissa, NM 34063",N,hours
246,Kathleen Johns,342-57-4505,"115 Anthony Court
Wilsonmouth, FL 61833",Y,hours
247,Samuel Archer,126-25-9520,"7543 Christopher Lake
Johnsonberg, OK 91022",N,hours
248,April Williams,500-98-9871,"959 Cole Lodge
Lake Timothytown, MD 38047",N,hours
249,Karen Jackson,203-68-9402,"45860 Frost Gardens Apt. 021
Douglasland, FM 58832",Y,miles
250,Sherri Morris,789-43-4799,"6350 Tara Parkway Apt. 704
Johnborough, GU 45176",N,hours
251,Timothy Bolton,891-85-4919,"99454 Peter Causeway
West Jesse, LA 53559",N,hours
252,Jessica Good,742-58-3185,"8444 Brenda Creek Apt. 603
New Cheyenne, KS 58742",Y,hours
253,Christine Grant,448-51-4452,"36826 Oscar Curve Apt. 502
South Trevorfurt, KY 39860",N,miles
254,Eric Johnson,690-21-5623,"8789 Brown Stream
Evansberg, PW 07882",N,miles
255,Amy Hill,011-48-3162,"277 Harper Hill Apt. 489
Lake Jackson, TX 02103",N,miles
256,Dustin Porter,732-01-1812,"95452 Sheila Walks Suite 911
Johnberg, VI 28350",N,hours
257,Louis Smith,471-97-3748,"922 Noble Lake
Alecville, NY 66470",N,hours
258,Matthew Chandler,102-92-7142,"1733 Wilson Plains Apt. 567
Ellenstad, MI 17450",N,hours
259,Diana Bowen,337-13-1460,"35954 Robbins Throughway Suite 275
South Laura, CA 97152",Y,miles
260,Glenn Glover,261-74-7972,"94171 Sanchez Camp
Melaniehaven, MD 62538",Y,hours
261,Alexandra Reed,405-35-7470,"Unit 3836 Box 8613
DPO AA 64275",Y,miles
262,Valerie Burns,777-90-5461,"55539 Brian Lock Apt. 850
Hayesberg, AZ 46469",N,miles
263,Justin Martinez,715-04-3196,"0720 Roberts Curve
Grossbury, KS 35210",Y,hours
264,Justin Bryant,368-19-5924,"400 Jennifer Dale
South Shawnberg, GA 07415",N,miles
265,Joshua Glover,530-25-3221,"72065 Samantha Avenue Apt. 943
Brendaberg, NY 94338",N,hours
266,Carrie Reid,359-91-5364,"8151 Mcmillan Points Suite 041
Garciahaven, GU 06940",N,miles
267,Emily Contreras,131-42-9223,"95268 Torres Centers
West Henrymouth, NJ 27186",Y,miles
268,Jason Murray,823-17-6482,"4139 Miller Stravenue
Erinmouth, NH 04293",Y,miles
269,Andrew Hamilton,725-60-7620,"Unit 1674 Box 3960
DPO AE 03369",Y,hours
270,Alyssa Washington,073-68-3374,"82122 Shawn Expressway Apt. 799
Timothyfort, PR 74977",N,hours
271,Patrick Fox,197-92-3639,"2579 Diane Street Apt. 109
New Nicoleshire, WI 43441",Y,miles
272,Victor Mccarthy,771-22-2109,"614 Patricia Corners
East Ericaburgh, AS 66661",Y,hours
273,Philip Moreno,719-89-1082,"74083 Jeffrey Avenue
New Cathy, FM 40690",Y,miles
274,Thomas Guerrero,017-02-6083,"9202 Jennifer Path
East Robertstad, OK 04306",N,hours
275,Russell Griffin,485-42-9067,"7521 Gonzalez Common Apt. 164
Smithbury, RI 78613",Y,hours
276,Misty Mckinney,056-18-7733,"78599 Adams Radial
Meghanfurt, MS 07019",Y,miles
277,Andrew Strong,846-19-3133,"29516 Huang Lake
East Lauraburgh, PR 62967",N,miles
278,Blake Arnold,094-25-9220,"Unit 4574 Box 0345
DPO AA 48181",N,miles
279,Gabriel Walters,695-72-8668,"2797 Susan Coves Apt. 695
North Christopher, MP 20846",Y,hours
280,Bryan Howard,171-02-7173,"8168 Megan Loaf Apt. 812
Sparksshire, AK 08507",N,hours
281,Mario Smith,070-73-1339,"083 Billy Turnpike
Lopezchester, IN 65733",Y,miles
282,Ashley Mason,639-34-3415,"2059 Daniel Mission
West Marissa, SD 87102",N,hours
283,Nicole Rogers,189-76-5779,"2688 Jamie Path Suite 695
East Tiffanystad, NY 12500",Y,hours
284,Robyn Rivera,160-34-0801,"334 Burton Lodge Suite 344
Judithville, ID 49489",N,hours
285,Amanda Hansen,285-17-5645,"8244 Kathryn View Suite 898
Lamburgh, NY 86623",N,miles
286,Nicole Simpson,608-66-9231,"2285 Howard Crest Apt. 306
Lake Jasonport, MN 75847",N,hours
287,Julie Brewer,820-97-9969,"93450 Timothy Fork Apt. 341
South Christopher, KS 28562",Y,miles
288,Daniel Perry,798-45-0010,"21189 Carrillo Camp Apt. 439
Port Joseview, NH 56014",N,miles
289,David Bell,782-79-5576,"49273 Sanders Center Apt. 097
Smithton, IA 95482",Y,hours
290,Angela Huerta,557-66-4756,"14845 Michael Prairie
North Justinton, NM 45499",Y,hours
291,Patricia Orozco,765-50-5043,"5513 Shelby Mission
Lake Pamelaside, KS 43967",N,miles
292,David Jones,467-33-8163,"33652 Lara Orchard Apt. 832
Elizabethland, TX 68212",N,miles
293,Edwin Powell,545-59-8722,"1067 Emily Forge
Allenland, MP 41997",Y,miles
294,Dustin Hood,832-69-2685,"608 Nelson Ferry
Jerryland, AR 09464",N,miles
295,Michelle Horton,246-95-7843,"56499 French Lodge
East Meghanborough, MN 65200",Y,miles
296,Brandon Rogers,318-75-8734,"USNV Smith
FPO AA 70756",Y,hours
297,Kelsey Campbell,814-07-4975,"0391 Jerry Row Apt. 227
Rojasmouth, RI 24914",Y,miles
298,Crystal Vaughan,078-10-0891,"9882 Smith Camp
Melissaport, CT 22981",N,hours
299,Rachel Mcdowell,835-24-9882,"7480 Sharp Parkways Suite 028
South Nicholaschester, FM 56469",Y,miles
300,Jennifer Gonzales,361-72-9806,"485 Lopez Mission
Philipland, VT 17338",Y,miles
301,James Drake,139-53-1323,"602 Scott Island
Douglasside, AS 66539",Y,hours
302,Tammy Knapp,642-85-4849,"1658 Thompson Rest Suite 812
Prestonshire, NM 81217",N,miles
303,Jennifer Villanueva,007-18-9053,"58501 Amanda Harbors
Lake Thomas, OH 22415",N,miles
304,Nicole Miles,498-10-4767,"1075 Alicia Valley
Port Jordan, VT 78277",N,hours
305,Katie Johnson,322-95-5342,"7430 Payne Fork
Matthewfurt, CT 14388",Y,miles
306,William Lester,203-25-3516,"02134 Mendez Plains Apt. 929
Hernandezville, OR 59301",Y,hours
307,Tanya Parker,890-33-2503,"23055 Jenkins Valley Apt. 720
North Melindaside, NM 48035",N,hours
308,Natasha Gutierrez,868-03-0939,"78277 Levine Loaf
Port Davidside, VA 71157",N,miles
309,Stephen Roberts,459-11-6197,"7281 Danny Plaza
South Joseph, SD 24415",N,miles
310,Peter Evans,478-87-9966,"52926 Jones Circle Suite 515
West Lauratown, MP 95356",N,hours
311,Edward Oliver,715-74-6345,"163 Jason Cliffs Suite 455
Mitchellbury, AZ 44806",N,miles
312,Brittany Stein,800-54-0697,"221 Wells Forest
Valenzuelaberg, NV 49649",N,miles
313,Melissa Calderon,466-93-3184,"6240 Alvarado Crossing Apt. 783
South Alexandra, MT 58840",N,hours
314,Matthew Hahn,890-11-5917,"971 Fox Manor Suite 626
Wongton, AS 57747",Y,miles
315,Jennifer Miller,342-50-7081,"406 Ramsey Heights Suite 824
Thomasmouth, WI 73740",Y,hours
316,Pamela Willis PhD,795-51-2388,"52009 Steven Port
Port Timothyfort, NM 33143",N,hours
317,Cynthia Stephens,152-18-1107,"570 Duncan Mill Suite 744
Gillport, IL 91251",Y,miles
318,Grace Moore,298-61-0352,"37461 Mayo View Apt. 693
Port Walter, IN 44357",Y,hours
319,Kristopher Wright,415-74-7803,"7816 Hall Ferry
East Tylerburgh, MO 59786",N,miles
320,Charles Gonzalez,654-44-6217,"PSC 1161, Box 5491
APO AA 22275",N,miles
321,Leroy Ramirez,538-64-4271,"47487 David Roads
Sanchezfort, PA 35427",Y,hours
322,Adam Rowland,618-73-6139,"918 Danielle Plains Apt. 927
South Jordanshire, TX 70911",N,miles
323,Wendy Morgan,307-31-1390,"4312 Kayla Camp Apt. 200
Blakemouth, MP 08852",Y,miles
324,Scott Stephens,013-31-2431,"USNS Finley
FPO AA 82845",N,hours
325,Daniel Franco,808-48-7411,"96487 Wagner Inlet
Lake Jamesborough, PW 17065",Y,hours
326,Elizabeth Berger,151-24-9821,"37550 Davidson Point
Rachelmouth, AK 22162",N,hours
327,Stephanie Jimenez,379-53-4180,"6095 Chris Prairie Apt. 036
Normanborough, AS 49474",Y,hours
328,Andrew Davis,777-88-8123,"782 James Points
Diazberg, CT 62993",Y,hours
329,Brenda Kramer,674-05-9581,"90597 Sergio Streets Suite 736
Leeville, VI 62100",Y,hours
330,David Ortiz,027-77-2594,"2847 Felicia Forks
Clairestad, CO 47322",Y,miles
331,Krystal Jones,636-07-6256,"00425 Brian Spring Apt. 671
East Sarah, CO 93230",Y,miles
332,Melanie Wood,288-47-3736,"8382 Garcia Circles
New Adam, FL 87013",Y,miles
333,Sean Smith,118-15-1921,"7006 Victoria Meadow
East Anthony, OR 81156",N,miles
334,Matthew Allen,209-54-9822,"82198 Rodriguez Forks Apt. 903
Smithview, AS 81777",N,hours
335,Kathryn Harrington,893-81-7700,"363 Brent Manor
Rosarioview, AZ 32850",Y,hours
336,Megan Thompson,043-60-4704,"Unit 9196 Box 7640
DPO AA 69363",Y,hours
337,Ryan Mccarty,495-65-6885,"1420 Derrick Plaza Suite 238
West Chelsea, MI 15374",Y,miles
338,Andrew Porter,363-58-6063,"USS Johnson
FPO AA 84274",Y,miles
339,Erica Barber,183-93-1009,"151 Andrea Cliff
East Alyssaport, WY 58731",Y,hours
340,Jose Powers,333-94-0457,"6661 Lara Road Suite 032
Port Tylerburgh, AS 91754",N,miles
341,Melissa Hunter,372-82-9506,"628 Holly Isle Apt. 570
North Charlesstad, HI 16786",Y,hours
342,Richard Compton,096-06-3920,"4137 Schneider Port Apt. 517
Woodsland, GA 38859",N,hours
343,Melissa Delgado,033-57-9697,"9074 Ortiz Ways
Smithberg, AK 85171",N,miles
344,David Thompson,750-93-2104,"4673 Lisa Turnpike
East Dennischester, VT 89642",N,miles
345,Julia Nguyen,898-19-5870,"70443 Alison Alley
Kimberlyshire, MD 14192",Y,miles
346,Meagan Henry,414-67-0795,"9204 Anthony Trafficway
Jodistad, NE 29593",N,miles
347,Zachary Crosby,707-82-4607,"5435 Moore Shoals Suite 675
Williamsside, OK 42402",N,hours
348,Cynthia Kirby,613-64-5753,"USS Adams
FPO AE 53067",Y,miles
349,Sarah Gonzales,414-57-8473,"464 Meyer Park Suite 871
Peterstad, ND 87871",N,hours
350,Alicia Torres,464-65-6283,"704 Mason Bridge
Sandrafurt, IL 23459",Y,miles
351,Julie Sosa,333-18-4935,"021 David Mountain
Stephensborough, OK 51633",N,hours
352,Samantha Burton,172-85-8679,"112 Mary Isle Suite 564
New Jacqueline, GA 55360",N,hours
353,Chelsea Hernandez,466-90-5268,"Unit 0178 Box 6519
DPO AP 74514",N,hours
354,Mark Hooper,433-72-1782,"565 Matthew Prairie Apt. 181
Port Michelle, KS 46810",N,hours
355,Zachary Martin,563-23-5548,"7636 Flynn Green Apt. 933
East Williamtown, AR 65721",N,miles
356,Cody Novak,433-98-8967,"0614 Joseph Keys
East Michelle, CO 95616",Y,hours
357,Frederick Bradley,655-87-8896,"285 Linda Viaduct Apt. 055
Melaniehaven, RI 25580",Y,hours
358,William Williams,299-11-1255,"3989 White Glen Apt. 560
South Ronaldview, MS 75810",Y,miles
359,Christopher Castillo,226-31-3027,"69896 John Burgs
Jeffreyville, MN 49720",Y,miles
360,Louis Ball,331-81-4001,"04132 Tapia Greens Apt. 998
East Renee, GA 16879",N,miles
361,Ethan Meyer,698-86-3116,"33154 Mejia Land Suite 464
Melindahaven, TX 60233",Y,miles
362,Jacob Brady,766-16-7137,"963 Crystal Rue Suite 094
South Susanville, SD 55388",N,hours
363,Hailey Walsh,301-61-6388,"11157 Brittany Lake
Mullinsland, KS 61526",N,hours
364,Wayne Medina,529-02-9493,"USNS Boyd
FPO AP 49112",N,miles
365,Richard Nelson,005-43-8270,"960 Valdez Lodge Suite 367
Sarahchester, TN 89444",N,hours
366,Melissa Phillips,305-08-0251,"36821 Michael Dale
West Anaside, DE 18023",N,hours
367,Bobby Lane,145-34-0409,"779 Cynthia Forges Apt. 433
West Pamelafort, OR 48319",N,hours
368,Jeffrey Rangel,597-69-6520,"07574 Simmons Streets
West Vanessaport, IA 98867",Y,miles
369,Ashley Thomas,306-38-6691,"38401 Vazquez Lights Suite 917
Port Kristen, MH 57598",N,hours
370,Daniel Gallegos,633-71-0039,"2829 Michael Squares Apt. 336
North Crystalburgh, AS 94272",Y,hours
371,Crystal Miller,142-10-5927,"7154 Nancy Crossroad Apt. 953
New Randyberg, MD 33548",N,hours
372,Jessica Williams,510-99-2950,"125 Vanessa Lake Suite 641
North Anthony, KS 51646",Y,hours
373,Willie Wells,212-58-8315,"9612 Jeffrey Passage
Shannonport, NE 34213",N,hours
374,Dean Werner,107-06-3517,"302 Cody Springs
New Cassandrafurt, AZ 65982",Y,hours
375,Sarah Solis,548-09-8806,"5552 Neal Canyon
North Jessica, ME 11135",Y,hours
376,Jeremy Harris,369-80-6847,"4761 Angela Fall
New Patriciashire, WV 64705",Y,hours
377,Amber Scott,289-11-3429,"5229 Cruz View Suite 516
North Alexanderhaven, PR 93499",N,miles
378,Tanya Orr,577-32-7240,"075 Orozco Plain
Fernandezbury, OK 96393",N,hours
379,Charles Wilson,124-21-1768,"1567 Higgins Plaza
Josephland, DC 56015",Y,miles
380,Austin Martinez,836-16-2745,"442 Miller Crest
South Danielport, NE 76197",Y,hours
381,Earl Osborne,429-86-4400,"156 Turner Meadows Suite 396
Gibsonshire, WI 06238",Y,miles
382,Katelyn Lane,048-10-9317,"9577 Robin Roads Suite 175
South Scott, AK 70685",N,hours
383,Morgan Sandoval,182-33-0443,"909 Ramos Fords
Brandyfort, AZ 73940",Y,miles
384,Johnathan Price,137-83-4364,"60350 Jerry Burgs Apt. 747
North Jamiechester, VA 17639",Y,hours
385,Sherri Robinson,676-46-1135,"262 Rodriguez Bypass
Odomfort, MT 13743",Y,miles
386,Amanda Moyer,667-70-3706,"Unit 0227 Box 7467
DPO AA 00883",Y,miles
387,Tamara Le,032-66-3497,"456 Shari Valleys
East Craig, MP 51059",Y,miles
388,James Hall,580-65-3841,"9885 Nelson Rapids
Davidchester, IN 25196",N,hours
389,Amanda Bennett,131-96-3764,"7439 Young Valley
West Andrew, MA 62951",N,miles
390,Rodney Reid,077-70-4606,"Unit 8160 Box 2860
DPO AP 68891",Y,miles
391,Taylor Thomas,285-41-7257,"Unit 9744 Box 6990
DPO AA 08141",Y,hours
392,Melissa Norris,339-52-7058,"PSC 0731, Box 2320
APO AA 09177",N,miles
393,James Hill,470-01-3884,"01179 Crawford Street Apt. 720
Lake Shawnland, WV 66251",N,miles
394,Leah Rivera,034-34-4611,"04741 Kimberly Manors
Kathrynfort, MT 74364",N,miles
395,Bernard Ruiz,306-90-3043,"869 Michael Parks
Hardinside, FM 89542",Y,hours
396,Regina Hensley,373-17-8981,"6018 Allen Shoal
Port Christianstad, VA 30649",N,hours
397,Mr. Joshua Pearson MD,683-91-3693,"76279 Kevin Mountain Apt. 447
East Randyborough, NY 10643",Y,miles
398,Nancy Cochran,583-38-7746,"Unit 3463 Box 0611
DPO AP 77823",Y,miles
399,Louis Cisneros,018-40-2649,"39900 Payne Junctions
Lake Scottmouth, SC 50167",N,miles
400,Natalie Carlson,523-09-8097,"1692 Joseph Lock
Lake Stephanieshire, IL 89386",Y,miles
401,Heather Johnson,015-38-0696,"2171 Russo Mountains
South Jill, AS 08684",Y,hours
402,Mason Allen,759-11-2492,"733 Roberts Rapids
Lake Deborah, NM 65266",Y,miles
403,Matthew Bush,534-19-8043,"5290 Patricia Summit Apt. 825
West Mariaton, OR 79330",N,hours
404,Amber Henderson,018-70-9730,"USNS Bauer
FPO AE 97950",N,miles
405,Brittany Fischer,278-66-1146,"098 Jeremiah Spur Suite 307
East Cynthiaville, SD 67995",Y,hours
406,Anthony Nguyen,214-29-6496,"Unit 5547 Box 2764
DPO AP 93217",Y,miles
407,Paul Butler,307-38-0932,"90034 Simon Highway Apt. 802
Dianefurt, PW 51354",Y,miles
408,Francisco Mills,532-19-4502,"227 Booker Divide Suite 201
Rojasfort, AS 07887",Y,hours
409,Deborah Thomas,347-38-1982,"4546 Harris Drive Suite 229
Stoneside, NH 34638",N,hours
410,Victoria Jones,117-07-7153,"61296 Philip Highway Apt. 009
Sherryville, IL 52357",N,miles
411,Matthew Medina,800-19-6930,"USCGC Ford
FPO AP 94218",N,hours
412,Robert Lang,120-57-6790,"82205 Fernandez Village
West Hannah, ND 93483",N,miles
413,Vanessa Carter,712-57-8699,"02530 Hinton Hills Suite 453
South Patricia, FM 64302",Y,miles
414,Carmen Gray,868-38-0638,"44154 Lisa Terrace
Port Jamiemouth, MA 21498",N,miles
415,Cindy Williams,532-83-7657,"984 Melanie Grove
Port Cynthiaville, UT 80167",N,miles
416,Spencer Thomas,607-99-9913,"605 Tate Glen Apt. 692
Cunninghamborough, MT 10995",Y,miles
417,Juan Jones,714-71-2935,"PSC 0206, Box 2058
APO AA 22830",N,miles
418,Michael Moore,869-09-2213,"58096 Jessica Manor
Jasonborough, PA 68737",Y,hours
419,Holly Bentley,427-53-0186,"Unit 6667 Box 6729
DPO AE 17005",Y,miles
420,Jason Soto,192-97-3881,"1347 Michael Street
Jamesview, NC 61419",N,miles
421,Lisa Wilcox,480-02-9359,"346 Ortiz Islands Apt. 338
West Laurabury, CA 63533",N,hours
422,Melissa Powell,150-42-0272,"879 Wyatt Unions Suite 792
South Debrafurt, NE 80703",Y,hours
423,Philip Moore,094-77-4191,"8552 Aaron Green
Pattersonfort, PR 20469",Y,miles
424,Kelly Jennings,104-33-8381,"637 Kevin Oval
Coopershire, DE 48719",Y,miles
425,John Gonzalez,553-49-9234,"PSC 2632, Box 6543
APO AP 51785",Y,hours
426,Kristin Anderson,225-22-8547,"074 Paige Loop Suite 980
Obrienbury, VT 53975",N,hours
427,Adam Arellano,691-84-8107,"7499 Amanda Inlet
Davidburgh, AK 73095",N,miles
428,James Smith,013-70-9053,"229 Caroline Estate
Brownfurt, DC 70974",Y,miles
429,Cheryl Harris,242-78-0961,"388 Jade Hills Suite 910
New Richardshire, PA 96335",N,hours
430,John Bauer,164-48-4983,"152 Danny Green
South Cassandra, KY 91869",Y,hours
431,Cindy Harris,156-22-1260,"43969 Galloway Prairie
West James, IL 09768",Y,miles
432,Natalie Steele,559-93-5412,"75621 Bird Turnpike
Wadefort, CO 17162",Y,hours
433,Keith Lowery,806-29-6278,"6458 Sarah Rest Apt. 976
Gibbsville, MS 13743",Y,miles
434,Steven Bowman,800-52-0560,"35597 Smith Parkway
South Harryland, NV 70840",Y,miles
435,Brian Douglas,389-25-5874,"24572 Walker Village
South Robertberg, MN 50687",N,miles
436,Sandra Gutierrez,665-94-2734,"877 Eric Shores
Alexanderberg, KY 76291",Y,miles
437,Wesley Mayo,752-70-4360,"291 Sarah Track
Port Tinaburgh, MT 92467",N,hours
438,Katie Price,194-31-4106,"0849 Bradley Cove
Danafort, MH 94169",N,hours
439,Mr. Shaun Calderon MD,475-20-3184,"341 Murphy Burg
Williamborough, KS 92168",Y,miles
440,Charles Byrd,541-47-9826,"45573 Chad Circles
West Thomas, AS 82773",N,hours
441,Heather Cox,772-90-5272,"229 Amanda Manors
Alvaradohaven, CT 41179",Y,hours
442,Anthony Bonilla,149-60-8192,"600 Jones Street Suite 689
North Randy, IA 13191",N,miles
443,Carlos Green,065-99-5011,"53366 Wendy Mission
North Janeport, GA 10719",Y,hours
444,Kristin Ryan,869-62-8350,"7294 Crystal Trail Apt. 953
Jamesmouth, MN 26100",N,miles
445,Kimberly Yoder,743-05-3250,"4306 Stacey Path Apt. 096
Jorgeside, AK 41954",Y,hours
446,Leslie Carney,598-73-4360,"4432 Margaret Turnpike Suite 048
New Darylstad, OH 92782",N,miles
447,Brandi Santos,843-66-1297,"209 Acosta Way
Jamesmouth, FM 54559",Y,miles
448,Rachel Medina,554-43-1311,"3904 Harris Curve
Hayesfort, NE 21718",N,miles
449,Frank Simmons,454-18-5726,"139 Bradford Port
Lake Carolynstad, SD 19298",N,miles
450,Charlene Madden,787-49-2790,"775 Joseph Drives
Cynthiatown, LA 14333",Y,hours
451,Rick Lee,408-24-7660,"USCGC Franklin
FPO AA 10897",Y,miles
452,Julian Lewis,511-63-3409,"82423 Ronald Key
Lunafort, HI 93347",Y,hours
453,Katherine Houston,591-54-1359,"24849 Angela Burg Apt. 974
East Stephaniemouth, ME 08292",Y,miles
454,Gary Clark,522-70-0315,"44721 Garcia Green Apt. 156
Joshuaville, SC 04324",N,miles
455,Meghan Andrade,136-62-8919,"2607 Sarah Extension Apt. 000
Meyerchester, MI 68788",Y,miles
456,Alexander Hawkins,589-84-5781,"46700 Rachel Via
Warnerberg, WI 27177",Y,hours
457,Terri Olsen,763-09-8120,"74715 Shaffer Lodge
South Richard, MN 66702",Y,hours
458,Debra Hansen,463-74-6984,"4693 Christopher Terrace
Michaelshire, IL 77348",Y,hours
459,Rebecca Colon,138-62-3654,"194 David Cape Suite 436
East Jason, VI 83899",N,miles
460,Mitchell Harris MD,833-78-3341,"729 Shane Glen
Curryshire, MP 87348",N,miles
461,Madison Li,793-33-9772,"019 Janet Orchard Suite 068
North Laura, AL 77515",Y,miles
462,Arthur Kelly,063-49-6794,"788 Evan Port
Edwardton, NY 97228",Y,hours
463,Kelly Walker,356-29-4779,"6643 Cox Centers
East Johnville, PW 46603",N,hours
464,Joy Nelson,502-97-8206,"5372 Joy Green
Robertville, MS 21697",Y,miles
465,Yesenia Howell,433-53-5895,"20088 Krystal Divide
Brendaburgh, KS 34721",Y,miles
466,Erik Jackson,456-07-8901,"4813 Juan Pike Apt. 641
Dylanport, MN 46718",Y,hours
467,Chelsey Fitzpatrick,169-25-7877,"619 Brenda Mall Apt. 361
West Brandon, MN 70482",N,hours
468,Kelly Grimes,109-03-4822,"35117 Nathaniel Tunnel
West Ericamouth, ID 12973",Y,hours
469,Shannon Kemp,774-82-2360,"5513 Brenda Manors
Millerland, WI 04383",Y,hours
470,Haley Daniels,288-19-9226,"000 Kaylee Orchard
Hannabury, MA 55676",N,miles
471,Christopher Martin,834-27-2895,"USNV Black
FPO AA 06022",N,hours
472,Amanda Torres,800-16-2260,"7408 Owens Key
New Erin, NM 15909",N,hours
473,Elizabeth Berry,890-33-4455,"503 Woods Forge
New Ericborough, VA 27001",N,miles
474,William Cohen,212-79-1588,"643 Tara Rue
West Kariside, MD 24644",Y,hours
475,Christy Hill,097-74-7645,"2535 Valerie Brook Apt. 887
Andrewside, AL 09546",Y,hours
476,Alan Anderson,608-61-6182,"82578 Bowers Cliffs Apt. 537
East Scott, NE 65379",Y,miles
477,Debra Williams,813-88-0855,"49481 Garcia Crescent
New Ann, CO 72454",Y,miles
478,John Parsons,439-69-3655,"9669 Curtis Heights
Mitchellside, VT 42359",N,hours
479,Matthew Lewis,778-28-0322,"839 Cook Springs Suite 846
Melissashire, WA 15925",N,miles
480,Ashley Gregory,193-29-9698,"548 Cory Camp Suite 992
West Ryan, MN 39451",N,miles
481,Tanya Jones,256-08-0450,"897 Rachel Villages
Port Mariaport, VI 51695",N,miles
482,Heather Lopez,705-44-6164,"68374 Tammy Cliffs
Barnesfurt, MA 76225",N,miles
483,James Armstrong,636-50-2981,"0033 Sandra Inlet Apt. 095
Williamsview, CO 06562",Y,miles
484,Mark Medina,226-99-6149,"5069 Cook Field
Hayesport, CO 21354",Y,miles
485,Jordan Rivera,823-39-6387,"2042 Jose Cape Suite 851
Jordanbury, DE 05443",Y,miles
486,Jason Adams,792-37-3227,"4453 Stewart Rue Apt. 301
Susanfurt, NC 37244",N,miles
487,Terrence Moore,251-41-7862,"Unit 2898 Box 1953
DPO AP 74823",N,miles
488,John Gates,735-06-9718,"3282 Duane Mountain
East Angela, MD 37643",Y,hours
489,Alexandra Chang,349-87-0066,"6792 Fischer Path Apt. 378
Heathershire, AZ 77563",Y,hours
490,Bonnie Holmes,077-66-7445,"99662 Solomon Wells Suite 894
Port Jennifershire, CA 90418",Y,hours
491,Mathew Giles,744-05-2122,"507 Coleman Lights Suite 322
East Johnside, PW 34015",N,hours
492,Jeffery Glenn,836-07-3337,"6106 Garcia Harbors
Simonborough, MT 19399",N,hours
493,Rachel Steele,584-79-9230,"67336 Lori Squares
North Ryan, ID 32175",Y,miles
494,Jody Farrell,091-81-8609,"6110 Edwards Extensions
Vanessaport, MS 53052",N,hours
495,Matthew Jones,899-67-4717,"Unit 8132 Box 2108
DPO AE 31396",N,miles
496,Noah Bass,508-46-8153,"84483 Richardson Track Suite 228
Bankshaven, ME 53600",N,hours
497,Mrs. Jamie Brown,792-24-2717,"425 Devon Drive Apt. 839
West Christina, ME 76969",N,hours
498,Julie Simpson,306-90-5805,"99907 Chambers Walks Apt. 712
Mendozachester, MI 60333",Y,miles
499,Amanda Haynes,823-29-2606,"77599 Alex Drive
Port Matthew, NV 70332",Y,miles
500,Steven Kelly,446-42-3117,"67381 Catherine Trail Apt. 098
Micheleton, DE 50775",N,hours
501,Theresa Heath,721-09-7727,"29312 Stacey Summit Apt. 721
East Amber, ID 71925",Y,hours
502,Brandon Robinson,452-03-6815,"5177 Jessica Expressway
Jenniferstad, TX 92446",Y,hours
503,Nicole Brown,655-75-3259,"7525 Valerie Hills Apt. 587
Jeffreyburgh, MP 41788",Y,hours
504,Nancy Moore,784-45-8639,"05662 Nicholas Crest
Lake Paul, WA 81518",N,miles
505,Michael Stewart II,339-28-3450,"9895 Adams Fork Apt. 610
Mannmouth, AL 18724",N,miles
506,Jason Marshall,857-64-0722,"5075 Humphrey Views Suite 565
Marthaport, MO 07354",N,miles
507,Rebecca Smith,319-81-9010,"1446 Burton Junctions Apt. 090
Robinsonmouth, AZ 17750",Y,miles
508,Dawn Harrington,497-11-8235,"80186 John Burgs Suite 083
Delacruzbury, UT 49896",N,hours
509,April Jones,597-79-9284,"667 Nathaniel Ports
North Tarabury, MI 08630",N,miles
510,Monique Taylor,562-37-7881,"776 Potter Burg
Wardtown, FL 92571",Y,miles
511,Lindsey Hill,770-04-8391,"51375 Jackson Glen
Lake Lisaview, MA 77737",N,hours
512,Shaun Cruz,822-31-4638,"045 Jason Locks Apt. 610
Christinahaven, AL 20116",N,miles
513,Zachary Allen,784-77-3601,"335 Stein Throughway Suite 456
North Edward, FL 62181",N,miles
514,Jennifer Parker,508-27-8977,"323 Michael Coves
Hannahville, MT 58045",Y,miles
515,Chad Spencer,305-46-7561,"76876 Tina Shoal
Birdbury, WV 40777",N,hours
516,Kristin Reed,244-71-6353,"598 Amanda Gardens Apt. 816
Lake Christopher, VT 71013",Y,hours
517,Renee Rodriguez,869-59-2771,"597 Richmond Vista
South Teresaton, DC 99564",Y,hours
518,Jessica Zimmerman,327-47-8214,"255 Nicole Mount Apt. 469
Buchananhaven, VI 34633",N,hours
519,Christine Waller,112-84-8656,"184 Paul Causeway
Port Joseph, WV 82642",Y,hours
520,Charles Ellis,356-89-5387,"1502 Paul Turnpike Apt. 451
Catherineshire, IL 84115",N,miles
521,Caitlin Garner,408-60-4594,"81170 Jose Shoal
Port Danielview, NY 20169",Y,miles
522,Monica Sandoval,235-24-2107,"58909 Joseph Unions Apt. 342
Cynthiastad, HI 50287",N,hours
523,Brittany Hernandez,575-37-2465,"7962 Brenda Springs
East Brittney, VT 40624",Y,hours
524,Anna Butler,067-73-5648,"97031 Nicole Turnpike
Dennisstad, DE 17225",N,hours
525,Andres Nelson,067-89-6129,"4619 Jones Garden Suite 700
North Michael, WI 28984",Y,hours
526,Charles Martinez,140-38-0485,"2062 Fritz Harbor
New Aaronberg, WA 91978",Y,hours
527,Allison Avila,594-91-7427,"16812 Michael Overpass
Jacquelineton, AZ 88987",Y,hours
528,Kristen Zavala,647-93-6539,"72190 Lucas Lakes
North Brittany, PR 11508",N,miles
529,Kim Steele,404-44-5418,"67256 Lopez Shores
Lake Tracy, DC 98430",N,hours
530,Cynthia Diaz,493-48-5693,"82691 Sarah Cliff
East Andreaville, PR 10129",Y,hours
531,Juan Johnson,709-92-0420,"87346 Katie Stream Suite 842
Gonzalezstad, CA 03982",N,miles
532,Jessica Weber,398-46-3254,"86335 Fuller Ridge
East Michelle, KS 60531",Y,miles
533,Lisa Clark,168-11-5131,"424 Wilson Villages Suite 486
Zacharyville, SC 79911",N,hours
534,Aaron Conner,201-91-6955,"USCGC Rodriguez
FPO AE 46605",Y,miles
535,Elizabeth Murphy,632-10-7477,"960 Stone Hills Suite 139
North Carolynfurt, NM 53023",Y,hours
536,Mr. John Black,154-32-9520,"4977 Matthew Walks
South Kathryn, MA 28921",Y,hours
537,Gabriel Jenkins,810-65-4990,"45878 Levi Ridges Apt. 152
Stokesfurt, VA 12749",Y,miles
538,Kathryn Shepard,741-50-9006,"905 Elizabeth Plaza
Sarahaven, FM 72791",Y,miles
539,Amber Wilson,853-45-2067,"203 Karl Groves Apt. 623
Jasonport, IA 93193",N,miles
540,Sarah Smith,771-95-6936,"75823 Sara Corners Suite 882
Vickiburgh, ND 18381",Y,hours
541,Miss Morgan Hawkins MD,522-43-5606,"831 Kelly Ville Suite 251
Stacyborough, DE 90739",N,hours
542,Andrea Johnson,239-33-2208,"770 Gonzalez Fort
Candiceside, WI 30008",N,hours
543,Nicholas Murillo,426-56-3066,"2445 Kim Forks Apt. 752
North Daniel, IA 38521",N,miles
544,Julie Velazquez,824-75-5088,"024 Farmer Mews
Maryville, VA 69292",N,hours
545,Michelle Harris,126-44-2899,"466 Carpenter Corners Apt. 521
Port Matthew, MS 66997",Y,miles
546,Stephen Perez,455-43-5770,"PSC 2744, Box 3804
APO AA 59800",Y,miles
547,Michelle Marshall,450-23-0622,"51536 Tyler Roads Apt. 260
South Christopherside, PR 08016",N,miles
548,Katherine Huang,616-59-7242,"840 Mckee Landing
Lake Michelleburgh, UT 27559",N,hours
549,Sarah Ruiz,116-06-3733,"799 Jennifer Burgs
Justinmouth, TX 71678",N,miles
550,David Miller,167-02-4745,"066 Jeffrey Harbor
North Paulchester, NY 91722",N,miles
551,Tommy Hester,620-66-6584,"59421 Thomas Burg Suite 910
Christinashire, NV 71961",Y,hours
552,Benjamin Mitchell,551-10-1664,"43773 David Meadow Suite 465
Lake Leah, NE 62711",N,hours
553,Curtis Jones,070-26-6131,"286 Ramirez Common Apt. 936
Annabury, NJ 65322",N,hours
554,Robert Byrd,518-50-2516,"1093 Eric Islands Suite 772
Burchmouth, WV 15821",N,hours
555,Joshua Baird,060-03-6350,"202 Wilson Village Apt. 118
Davisville, NV 58980",N,hours
556,Renee Riley,021-53-7557,"3224 Bennett Bypass
West Nicholasfort, NM 48179",N,miles
557,Katherine Bean,323-11-6920,"82113 Karina Gateway Apt. 758
East William, CO 69815",N,miles
558,Robert Lewis,362-13-4506,"2479 Donna Mission
Jamesburgh, MT 38520",N,miles
559,Mary Johns,106-97-9773,"564 Megan Viaduct
New Michele, MH 05560",Y,hours
560,Kyle Wheeler,440-91-8473,"449 Jessica Glen Apt. 026
East Jason, WY 25817",Y,hours
561,Nicole Gomez,687-99-4478,"45482 Stephen Via
Port Tina, NJ 63935",N,hours
562,Aaron Wilcox,169-39-6871,"94798 Beck Glen Suite 273
South Tanyachester, VI 56954",N,miles
563,Kara Sharp,488-21-4785,"207 Ryan Drive Apt. 017
South Robertton, MP 28464",Y,hours
564,Marcia Mccullough,346-82-2258,"8608 Berger Crossing
Glennmouth, MH 94283",Y,miles
565,Ruth Chandler,057-49-1236,"6312 Stephanie Ford
Robertshaven, GU 05308",Y,miles
566,Adam Mayo,797-96-9960,"37299 Ferguson Tunnel Suite 982
North Wesleyhaven, DC 99378",N,hours
567,Crystal Moore,513-81-7524,"93708 Gibson Crescent
New Lauraborough, GA 78729",N,miles
568,Michael Pacheco,046-44-8919,"88703 Williams Stravenue
East Michaelland, MD 67322",N,miles
569,John Herrera,272-37-2831,"07977 Benjamin View
Griffinfort, KY 12257",N,miles
570,Blake Johnson,102-95-6172,"9445 Rodriguez Dam Apt. 766
Jonathanchester, NH 44113",Y,miles
571,John Ellis,267-80-8861,"1680 Jesus Landing
Longport, VA 94839",Y,hours
572,Teresa Carter,837-24-5243,"883 Margaret Shore
Randallside, SD 70702",Y,miles
573,Monica Kim,734-85-4443,"40675 Flores Cliff Suite 927
Lake Oliviahaven, IA 25472",Y,hours
574,Jeffrey Vaughn,224-12-8537,"217 Jones Mountains Suite 647
Riceburgh, NH 11751",Y,miles
575,Pamela Henry,193-72-8894,"90499 Jessica Springs Suite 045
Adamsshire, NE 23490",Y,miles
576,Jennifer Dixon,286-65-5873,"892 Lisa Mission Apt. 706
Marshallchester, VI 86777",Y,miles
577,Angie Kerr,230-32-5866,"1526 Smith Canyon
Thompsonchester, TX 85845",N,miles
578,Kim Owens,244-66-5862,"31730 David Corners
Jessicaport, MP 14959",Y,miles
579,Aaron Mcmahon,232-87-4500,"7953 Sarah Shoals
Deborahfurt, MH 76431",N,hours
580,Amy Rosales,894-21-1040,"1896 Keith Glen Apt. 896
North James, VA 16827",N,miles
581,Tina Oconnell,398-43-4656,"0883 Roman Shoal
Stevensville, LA 24673",N,miles
582,Kevin Edwards,299-90-8282,"3954 White Field
Smithtown, MO 34259",Y,miles
583,Jacob Jackson,453-66-3245,"60791 Murphy Stream
Lawsonton, AS 66292",Y,miles
584,Samuel Jones,074-78-2380,"7761 Amanda Lodge
South Nicholaston, NV 88318",N,miles
585,Troy Johnson,104-90-7051,"0185 Erica Haven
Avilaport, FM 32092",N,miles
586,Daniel Ellis,421-09-4251,"497 Laura Shores Apt. 826
Brendatown, NE 66092",N,hours
587,David Rose,665-53-6252,"80699 Anthony Tunnel
Fullermouth, CA 81215",Y,hours
588,Christopher Mullen,086-53-9662,"278 Rowland Plaza Apt. 330
Barbarahaven, HI 23759",N,miles
589,Michelle Mcdaniel,426-94-7509,"6538 Sanders Well
West John, AZ 75024",Y,miles
590,Laurie Pena,899-51-9892,"57224 Jordan Crescent
North Shannon, NV 65389",N,hours
591,Gabrielle Anderson,460-06-5806,"7378 Donald Place
East Meganbury, AK 67149",Y,miles
592,Nathan Haley,193-03-8601,"6193 Butler View
Anthonyport, MD 83579",Y,miles
593,Denise Jennings,442-39-1677,"68211 Garcia Dam Suite 079
New Shannonchester, IL 10762",Y,hours
594,Carla Greene,410-04-9170,"253 Vasquez Prairie
East Jessicaton, OK 78150",N,miles
595,Daryl Mckee,123-46-2774,"92932 Henry Road
Melissaland, NM 22169",Y,miles
596,David Johnson,896-47-3448,"8855 Watts Valley Suite 252
Priceside, SC 24867",Y,miles
597,Alexis Rodriguez,278-52-1563,"5377 Thompson Ports Suite 307
South Heatherton, FM 12341",Y,hours
598,Paige Sheppard,669-55-8436,"866 Nicholas Corner
North Kevinhaven, DC 35703",Y,hours
599,Michael Acosta,872-51-8487,"39438 Lawson Unions Apt. 357
Gwendolynshire, AL 24623",N,hours
600,Mark Shaw,599-21-6487,"6116 Williams Fields
Woodfurt, MP 81675",Y,miles
601,Ashley Fields,172-79-3639,"Unit 0193 Box 7969
DPO AA 22847",N,hours
602,Tonya Lane,877-46-8907,"93552 Christina Skyway Apt. 557
South Max, RI 34415",N,hours
603,Kelly Warner,124-66-0782,"5920 Albert Place
East Matthewshire, NM 42995",N,miles
604,Tammy White,069-24-8540,"96095 Ryan Knolls Apt. 657
South Jeffrey, MN 12906",Y,miles
605,Cristina Lopez,343-79-6477,"008 Ryan Ports
Kyleland, NV 14346",N,hours
606,Haley Patel,776-63-1684,"9091 Huff Valley
Angelachester, MP 08326",Y,miles
607,Alex Lee,862-47-4002,"82434 Kathleen Landing Apt. 105
Gonzalezborough, PA 33347",N,hours
608,Jeffrey Ponce,216-43-9817,"81378 Skinner Falls
Stephanieland, HI 21712",N,miles
609,Andrew Chen,160-50-0710,"1568 Cindy Estates Suite 010
Tammychester, ND 61111",Y,miles
610,Peter Green,306-05-3124,"76498 Tammy Squares
Mcphersonfort, GU 38859",Y,miles
611,Frederick Jones,693-17-5442,"76758 Fowler Cliffs Apt. 360
Jeffreyville, PW 14492",N,hours
612,Jessica Anderson,361-69-9106,"32724 Ian Walks
New Mariaburgh, PA 06106",N,hours
613,Bradley Perez,057-48-8032,"USNV Hill
FPO AP 14800",N,hours
614,Madison Torres,757-92-4201,"007 Tyler Junctions
New Mikaylabury, AL 79082",Y,miles
615,Daniel Marsh,536-80-8441,"818 Brian Spur Suite 421
Ryanmouth, SC 35041",N,miles
616,Tara Hill,365-48-4606,"040 Jorge Station
West Amandaberg, VT 10186",Y,miles
617,William Zavala,797-40-4384,"19207 Dana Haven Suite 946
New Jessica, NJ 59340",Y,miles
618,Emily Ward,568-38-0247,"9806 Julie Loaf Suite 049
Jeremybury, PR 11073",Y,miles
619,Bryan Parker,676-94-0111,"24256 Bianca Vista
Lindastad, CT 20893",Y,hours
620,Keith Watson,513-57-0649,"431 Nelson Haven
South Jessica, VA 13052",N,miles
621,Kimberly Kennedy,390-44-5791,"516 Rebecca Lodge
Emilyburgh, IA 85730",N,hours
622,Ashley Obrien,212-49-9049,"94296 Mcintosh Hollow
Juarezchester, NV 73672",N,miles
623,Mary Walker MD,386-80-8544,"49660 Jamie Fords Apt. 233
Perryview, GU 46511",Y,hours
624,Marcus Mullins,437-38-8007,"30041 George Keys Suite 749
South Annaside, PR 54703",Y,hours
625,Zachary Johnson,563-69-5437,"1531 White Corner
Taylorville, AZ 92160",Y,miles
626,Peter Turner,108-04-6244,"0154 Timothy Field Apt. 604
Brianton, PR 32184",Y,miles
627,Ryan Martinez,831-60-5660,"693 Bishop Trafficway Apt. 576
Kellihaven, GA 55577",Y,hours
628,Sandra Chang,339-47-5804,"2495 Mariah Stravenue
Ashleeshire, WA 84160",Y,miles
629,Mr. Timothy Alvarez MD,033-92-5318,"5464 Reyes Spurs
New Alice, OR 33099",N,miles
630,Lauren Turner,705-65-9800,"885 Karen Greens
Carterburgh, OH 71319",Y,hours
631,Tom Perry Jr.,142-35-5770,"6173 Deborah Locks Suite 597
Johnberg, MS 52396",Y,miles
632,Kenneth Jenkins,199-52-2303,"634 Dennis Crossing Suite 584
Lake Nicholasfort, MI 46399",Y,hours
633,Jason Jones,355-94-0597,"852 Hernandez Lock Suite 919
Richardsbury, TX 98043",N,miles
634,Michelle Chan,536-50-9613,"PSC 1578, Box 6850
APO AA 48586",Y,miles
635,Zachary Ashley,364-98-2818,"587 Mclean Loop
New Jennifermouth, FM 89790",Y,miles
636,Lance Munoz,351-60-5882,"USS Burton
FPO AP 89099",N,miles
637,Jessica Cross,276-84-2377,"645 Anthony Forks Suite 626
New Michaelside, CT 08222",Y,hours
638,Andrew Reyes,326-05-9834,"9958 Bryant Stream Suite 361
Kimberlyfort, GU 11708",Y,hours
639,Carrie Frazier,125-74-1713,"6302 Crystal Ridge Suite 533
Christopherborough, AZ 55904",N,miles
640,Elizabeth Schmidt,432-41-2416,"Unit 6496 Box 6361
DPO AA 80534",Y,hours
641,Melissa Cruz,275-43-9368,"93486 Gary Wall Suite 164
Janiceview, FM 11033",N,miles
642,Brittany Thompson,215-54-7606,"55293 Johnson Extension
New George, NM 57589",N,hours
643,Valerie Brock,148-09-4682,"312 Miller Spurs
Rachelshire, CT 30659",Y,hours
644,Billy Murphy,615-35-7400,"238 Ramirez Ridge
Rachelmouth, MP 51119",Y,miles
645,Andrew Knox,146-97-6097,"638 Lisa Rue Suite 289
New Michaelmouth, FM 26993",Y,miles
646,Melissa Boyer,748-28-6405,"144 Quinn Skyway Suite 088
New Dennis, NJ 07016",Y,miles
647,Robert Christensen,536-94-5246,"4786 Moore Underpass
West Luisburgh, IA 49024",Y,hours
648,Mr. Daniel Wright,177-06-1574,"3905 Cole Path
West Monicaland, FM 57188",Y,miles
649,Carl Johnson,160-41-3306,"4732 Gordon Estates
Port Andreamouth, VA 20371",Y,miles
650,Sean Schneider,117-11-1650,"4002 Pittman Pike
Parkerview, FL 27387",Y,miles
651,Matthew Freeman,718-65-3191,"71635 Daniel Shoal
Lake Patricia, AR 92508",N,hours
652,Daniel Green,282-48-6079,"731 Francis Neck
East Jamieshire, OK 85153",Y,miles
653,Kathryn Douglas,231-96-8038,"PSC 4641, Box 4353
APO AE 98053",N,hours
654,Tommy Miller,872-89-1478,"5013 Carolyn Roads
North David, VT 22866",Y,miles
655,Russell Green,419-82-2628,"452 Alicia Forge Apt. 694
South Victoriachester, MO 94910",N,hours
656,Krista Garcia,567-33-9729,"354 Ryan Cliffs Apt. 103
New Kevinport, OK 78799",N,miles
657,Taylor Simpson,604-49-0128,"68991 Phyllis Grove
Brandihaven, GA 34676",Y,miles
658,Michael Stewart,738-57-0945,"666 Rodriguez Harbors Suite 505
Leahmouth, PR 68764",N,hours
659,Colleen Morris,353-87-8882,"USNV Willis
FPO AP 94297",Y,hours
660,Kristin Garcia,625-76-6020,"6049 Nicole Crest Suite 023
North Frank, IL 64445",Y,hours
661,Travis Ramos,255-12-3174,"Unit 9554 Box 6070
DPO AE 92245",N,miles
662,Charles Porter,443-64-1715,"7929 Good Keys
Danielview, CT 61177",N,hours
663,Colton Watson,648-13-6628,"2588 Jimenez Fort
Davisburgh, WY 12045",N,hours
664,Sara Flores,585-46-1667,"19917 Hoffman Gardens
Zacharyview, PW 06328",Y,miles
665,Curtis Dixon,805-46-2996,"40211 Sara Springs
Larachester, NH 39040",N,miles
666,Adam Soto,676-36-5656,"3962 White Garden
Danielshire, PW 12742",N,miles
667,Elizabeth Hunter,631-80-1541,"36276 Willie Prairie
East Aaronville, IL 91660",N,hours
668,Larry Browning,752-14-3180,"466 Julie Run Apt. 021
Sullivanchester, IL 26315",N,hours
669,Amber Lynch,140-43-6918,"6804 Jacobs Isle
Gravesville, NY 82638",N,miles
670,Michael Parker,528-35-5785,"1757 Olson Landing Suite 530
Lake Gregory, LA 33194",Y,hours
671,Misty Thomas,423-87-3633,"7577 Green Viaduct Apt. 419
Perrymouth, MS 01930",Y,miles
672,Shannon Miller,294-39-2114,"7120 Melton Stravenue Suite 972
Gallowaystad, MN 50951",N,hours
673,Kevin Henry,326-10-2262,"PSC 4570, Box 8212
APO AE 40317",N,miles
674,Daniel Mitchell,720-09-4254,"58098 Fernando Pines Apt. 322
East Christinaton, MH 19997",Y,hours
675,Linda Johnson,680-54-8857,"927 Estrada Summit
North Steve, NJ 75481",N,hours
676,Whitney Clark,160-73-8519,"368 Marco Trace
East Sandraport, NH 28286",Y,miles
677,Pamela Fox,612-27-5151,"96919 Troy Mountains
South Timothy, NC 84010",Y,hours
678,Hayden James,226-11-9464,"9867 Vanessa Glens Apt. 170
Zhangview, PW 30676",Y,hours
679,April Schroeder,208-22-9367,"8876 Short Knolls
Angelafurt, IA 04944",Y,hours
680,John Solis,715-35-2256,"080 Elizabeth Course Apt. 619
North Leslieshire, PR 69336",Y,miles
681,Allen Berry,356-75-4908,"17801 Miller Key Apt. 719
Port Justinmouth, IN 46246",Y,miles
682,Nancy Wade,206-70-6967,"8112 Thomas Harbor Apt. 432
Williamsport, MD 61259",N,hours
683,Alexander Carter,777-36-4320,"USCGC West
FPO AP 66198",N,hours
684,Dennis Robinson,544-53-9763,"0603 Angela Extension Apt. 057
Lauraville, MP 38107",N,miles
685,Samantha Pitts,775-86-1855,"05111 Curry Station Apt. 994
Jensenberg, WY 65236",Y,hours
686,Kathleen Davis,321-23-8145,"765 Thomas Streets Apt. 359
West Kellyfurt, GU 16113",Y,miles
687,Mark Hart,508-35-8683,"4002 Ronald Burg Suite 080
Woodburgh, DC 28604",Y,miles
688,Frank Osborne,311-80-1036,"01859 Williams Skyway
New Jeanne, CA 97326",Y,hours
689,Kaitlyn Allen,592-50-8818,"PSC 3527, Box 9012
APO AP 60365",Y,hours
690,Amanda Davenport,213-81-0879,"323 Mccullough Mills
Maryberg, RI 99776",N,miles
691,Richard Thompson,860-86-1025,"85521 Jake Flat
Lake Ashley, KS 64702",Y,hours
692,Maria Hopkins,601-22-8122,"8503 Deleon Way
Davidburgh, NV 14213",Y,miles
693,Stephen Ryan,617-28-9541,"31455 Danielle Square
Lawrencemouth, MH 25497",Y,miles
694,Danielle Roberson,309-99-6117,"7504 Connor Summit Apt. 713
Guerraland, OR 01227",Y,hours
695,Anthony Thompson,633-08-6681,"390 Barber Key
Caitlynport, PW 44010",N,hours
696,Denise Murray,357-67-2891,"USS Gonzales
FPO AA 97968",Y,hours
697,Gregory Kelley,583-98-3105,"6599 Steven Mountains Apt. 827
Wilsonland, NJ 55733",Y,hours
698,Troy Smith,104-13-2136,"7775 Fox Viaduct Apt. 223
Reyesmouth, OK 46703",N,hours
699,Courtney Whitney,353-30-0098,"181 Hurley Walk
East Tracy, TX 04206",N,hours
700,Rhonda Carr,708-71-7555,"09465 Adkins Junction
West Reneeport, IN 64752",N,hours
701,John Diaz,251-76-9375,"2023 Melissa Overpass
East Jamiehaven, MH 94001",Y,miles
702,Rebecca Morris,722-60-1259,"792 Brady Square Apt. 090
Romerotown, WY 17800",Y,hours
703,William Fleming,258-02-5429,"70148 Christy Camp
Grimesberg, OR 89313",Y,miles
704,Michelle Cameron,866-46-6126,"372 Mullins Locks
Frederickfurt, MI 56451",N,miles
705,George Nichols,247-74-3440,"8347 Erika Stravenue
New Lynn, WY 41750",Y,miles
706,Edwin Clark,031-66-7147,"274 Clarke Trail Suite 001
New Kathryn, VI 38916",Y,miles
707,Kristin Garcia,764-77-2180,"65243 Khan Track Suite 862
Port Patricia, MO 31950",N,hours
708,Jeremy Andrews,680-42-1528,"240 Porter Mount
Davidsonshire, WY 07244",N,hours
709,Amy Lopez,619-31-0418,"2338 Pamela Glen
East Kelseyburgh, RI 19582",Y,hours
710,Dennis Singh,394-48-5755,"1981 Tonya Mills
Amberview, NM 12088",N,hours
711,Ryan Vazquez,435-02-8701,"86390 Escobar Islands
Aguilarton, PA 12612",N,miles
712,John May,304-95-5332,"351 Sonya Islands
Adrienneberg, NE 63758",Y,hours
713,Melissa Watts,390-37-7061,"379 Chad Brook Apt. 701
South Matthewside, WV 76329",N,hours
714,Harry Clark,084-37-3427,"42819 Diana Cliffs Suite 394
Ronaldmouth, LA 58372",N,miles
715,April Brandt,035-16-5627,"01111 Roberts Lights
Port Amy, IA 30334",Y,miles
716,Willie Buckley,678-62-1804,"USCGC Martinez
FPO AE 31179",Y,hours
717,Jennifer Johnson,780-65-7610,"19219 Monica Cape
South Kevinmouth, KY 96397",Y,hours
718,James Taylor,470-41-9836,"202 Reese Views
New Ernesttown, IL 78137",Y,miles
719,David Turner,249-83-4378,"051 Hall Square
Port Tylerbury, WI 61140",N,miles
720,Ryan Payne,866-23-6179,"02905 Jay Rest Apt. 010
West Samanthatown, NJ 43912",N,hours
721,Christina Ruiz,504-73-8168,"6255 Douglas Mountain
North Heather, ID 44861",N,hours
722,Brandon Alexander,380-36-0040,"PSC 6353, Box 5609
APO AP 21931",Y,hours
723,Candice Williams,731-31-5436,"952 Lisa Port Suite 536
Castillobury, CO 48573",Y,miles
724,David Taylor,511-93-8086,"96478 Flores Alley
Clarketon, WI 77361",N,hours
725,Carol Duffy,423-50-6099,"0148 Collin Tunnel
Morseshire, NJ 36528",N,miles
726,Joshua Kent,365-19-6352,"225 Lyons Loaf
Debrachester, HI 52470",N,miles
727,Cynthia Alvarez,320-86-8038,"846 Hanna Streets Suite 361
West Annaburgh, TX 63570",Y,miles
728,Rachel Anderson,391-39-4874,"573 Byrd Mountain Apt. 819
South Jordan, NE 93541",N,hours
729,Kendra Watson,363-39-9055,"25265 Steele Islands
Port Williamville, MS 36884",N,miles
730,Kyle Ortega,224-91-6457,"609 Katelyn Fall
Stanleymouth, FL 73969",N,hours
731,Aaron Lopez,367-25-6543,"89163 Raymond Burgs Suite 161
Lisamouth, NH 52443",Y,hours
732,Troy Knight,121-88-1041,"USS Williams
FPO AA 13218",N,miles
733,Jennifer Roy MD,067-34-7017,"3585 Abigail Terrace Suite 718
Lake Laura, PW 76681",Y,hours
734,Tyler Barnett,551-90-6862,"Unit 2780 Box 8510
DPO AP 36320",N,miles
735,Michael Murphy,703-16-4452,"3244 Drake Port
West Johnnymouth, DE 56287",Y,hours
736,Ebony Ross,396-88-6366,"4938 Natasha Rue
Ambershire, WY 35705",Y,hours
737,Sandra Moran,787-28-1780,"62188 Janet Run
Randolphbury, NH 13582",Y,hours
738,Nicholas Murphy,706-16-6516,"8578 Anthony View Apt. 150
Hamiltonport, ME 33566",N,miles
739,Jennifer Moyer,803-74-9382,"00814 Shannon Knolls
Gregoryhaven, MH 20048",Y,hours
740,Jesse Vasquez,849-23-6722,"03149 Catherine Lock
South Susan, VA 24298",Y,hours
741,Ms. Caroline Peterson,811-53-4159,"0029 Michael Courts Apt. 396
New Jessicafurt, ME 44103",N,miles
742,Melissa Jackson,663-32-1192,"26683 Bowers Court
New Johnchester, CA 79979",Y,miles
743,Anna Torres,709-47-1899,"402 Christopher Ferry
South Donnamouth, MN 32225",N,hours
744,Christian Bennett,237-42-2336,"63666 Hensley Stream Suite 971
West Johnburgh, ME 24986",Y,miles
745,Colleen Hart DVM,427-62-0594,"3028 Mary Villages
New Ashley, MA 58973",N,hours
746,Amy Wiggins,299-77-6869,"85148 James Stream
Kristintown, ID 83855",Y,miles
747,Danielle Young,038-61-9748,"55771 Thompson Mills Suite 953
Thompsonburgh, NY 88966",Y,hours
748,Kenneth Miranda,111-73-1056,"686 Christina Pines
Evansmouth, IA 36303",N,miles
749,Brandon Robinson,700-35-3082,"34881 Downs Lodge
Lake Patriciatown, MA 78889",Y,miles
750,Joshua Espinoza,744-56-9789,"8831 Hardy Stravenue
Gloriaton, KS 76789",Y,hours
751,Cynthia Garrett,245-02-7866,"111 Jackson Meadows
Barnesbury, TX 11095",N,miles
752,Gina Chang,448-55-6843,"15198 Howell Knoll
Thompsonberg, NM 76305",N,hours
753,Mary Smith,477-94-9036,"990 Anderson Junctions Apt. 900
Lake Charles, ME 20603",Y,hours
754,David Doyle,597-30-9702,"398 Baker Via Suite 420
Port Cheyenne, CT 45303",Y,miles
755,Erika King,151-96-9188,"06348 Brian Crescent Suite 249
Lake Stephanieshire, NJ 82594",Y,miles
756,Brandi Gregory,404-54-4183,"9537 Carlos Highway Apt. 375
West David, ID 97686",Y,miles
757,Thomas Mcintyre,802-93-2745,"8690 Debbie Estate
New Brittneyside, IA 34547",Y,hours
758,Nicole Wilkinson,638-30-9082,"087 Rodriguez Ports Suite 297
Grantview, IA 00955",Y,hours
759,Michael Smith,757-58-0216,"418 Lorraine Fort
Alexamouth, VT 20489",Y,miles
760,Patricia Harvey,883-21-0360,"1096 Gonzales Highway
New Johnview, NE 69218",Y,hours
761,Thomas Garcia,469-08-1505,"014 Kimberly Pass Apt. 651
Goodwinburgh, OH 12809",N,hours
762,Julie Huffman,468-41-8361,"428 Smith Mall Apt. 930
Meganside, IN 80893",Y,hours
763,Jeffrey Walters,318-71-9314,"35301 Alvarez Groves
Port Jennifer, MH 26798",N,miles
764,Thomas Cantrell,341-81-5799,"9667 Christine Stravenue Suite 451
Boydton, OH 73471",Y,hours
765,William Brooks,270-78-4585,"293 Brenda Rapid Apt. 849
Thomaschester, AZ 98032",Y,miles
766,Brenda Baxter,693-41-5327,"169 Richard Ridges
Johnsonburgh, NY 82926",Y,hours
767,Leslie Hawkins,262-29-8546,"6812 Johnston Fall
Stevenbury, PA 07393",Y,hours
768,Stephanie Holt,148-53-5577,"07442 Matthew View
West Eddietown, TN 58007",N,miles
769,Steven Jones,377-61-7150,"996 Jared Corner
West Jason, OR 99516",Y,miles
770,Mackenzie Lynch,432-50-7492,"85067 Angela Parkways Apt. 716
Fergusonburgh, PA 87323",N,hours
771,Melinda Garrett,142-25-9302,"PSC 8807, Box 4818
APO AE 02910",N,miles
772,Kimberly Daniels,677-75-1985,"54055 Diana Square Apt. 138
Hartborough, MS 67637",N,hours
773,Colleen Sampson PhD,343-43-9033,"279 Chad Center Suite 102
Lake Nicole, WI 58342",Y,miles
774,Christopher Neal,151-83-7639,"693 Kelley Crossing Suite 721
Jasminechester, MD 65032",Y,miles
775,Elizabeth Swanson,170-96-8589,"128 Ray Corner
Candaceborough, FM 59387",N,miles
776,Angela Shaw,233-54-2153,"866 Simpson Club Apt. 218
Househaven, NC 35920",Y,hours
777,Carol Mitchell,266-03-0286,"550 Glenn Street Apt. 262
West Cody, AR 86450",N,hours
778,Belinda Evans,008-67-7958,"2196 Keith Forges
North Jacquelineton, FM 31831",Y,hours
779,Ana Clark,388-53-6316,"5408 Jerry Drive Apt. 828
New Jamesfort, WA 44134",Y,miles
780,Sonia Moody,636-34-8423,"421 Torres Fields
Terryfort, NV 78290",Y,hours
781,Jake Robertson,792-65-8856,"0972 Michael Cape
Roseside, WA 70437",N,miles
782,David Shelton,427-15-6389,"861 Goodwin Ranch Suite 531
New Cherylberg, VT 59177",N,miles
783,Brandon Miller,105-98-6133,"6031 Brown Street Apt. 724
Annetteport, CA 93503",N,hours
784,Danielle Allen,407-12-0456,"3712 Tina Fords Suite 457
Port Ryan, TX 30919",Y,miles
785,Christine Kane,157-07-1787,"6455 James Fords
Aprilbury, NE 74164",N,hours
786,Jennifer Willis,728-40-0766,"94426 Andre Bypass
Hillshire, MI 72867",N,miles
787,John Reyes,779-89-8938,"9007 Morgan Parks Suite 474
Lake Christineburgh, FL 59581",Y,miles
788,David Adkins,063-78-2860,"86544 Bailey Plains Apt. 128
New Chris, ME 93360",Y,miles
789,Lisa Horn,691-37-9712,"65538 Thomas Ridges
New Williamside, NH 92811",Y,miles
790,Michelle Smith,284-80-4058,"749 Crawford Radial
Atkinschester, ND 31770",N,miles
791,William Simpson,021-38-2788,"4992 Brett Roads
West Dennis, NH 00545",Y,miles
792,Krista Marshall,187-36-4891,"44618 Joseph View Suite 455
Danielshire, DE 65809",N,hours
793,Laura Ford,807-42-8909,"2196 Brandon Street
Lake Stephenchester, CA 43622",N,miles
794,Anne Williams,718-66-5687,"6213 Medina Avenue Suite 960
East Cristinamouth, CT 23364",N,hours
795,Jason Williams,360-57-1234,"5737 Garcia Mill Suite 842
Elizabethville, VI 28049",N,hours
796,Jessica Hunter,116-46-0066,"PSC 8903, Box 4597
APO AE 30559",N,hours
797,Robert White,881-65-2525,"8119 Reginald Wall Apt. 214
Martinezmouth, AL 47889",N,miles
798,Brian Johnson,884-73-6166,"PSC 4721, Box 2178
APO AE 29509",Y,hours
799,Nancy Ross,842-14-4859,"306 Danielle Vista Apt. 834
East Anthonyton, MD 07098",Y,hours
800,John James MD,462-84-2573,"03731 Catherine Mission Suite 398
Friedmanland, PW 22727",N,hours
801,Melanie Stuart,394-34-7624,"98951 Brandy Wells
Gibsonburgh, KS 56101",Y,hours
802,Benjamin Gonzalez,002-18-7473,"PSC 0550, Box 9175
APO AP 94052",Y,miles
803,Erica Adams,183-56-3476,"473 Brown Fields
Nancyfurt, AK 66440",Y,miles
804,Nicole Dixon,607-29-6020,"9072 Erika Fork Apt. 394
Riosborough, VI 88569",N,hours
805,Samantha Page,225-97-8917,"4795 Cox Circles
Ryanborough, VI 62292",Y,hours
806,William Jimenez,403-45-4492,"44331 Mathis Expressway Apt. 073
Michaelfurt, GA 12830",N,hours
807,Stephanie Gibbs,109-09-3459,"4764 Gina Shores Apt. 842
New Danielle, OR 90055",N,hours
808,Susan Grimes,352-87-2171,"2488 Michelle Mount Suite 282
South Nicholasland, TN 57506",N,miles
809,Gabriel Thomas,139-71-8922,"2729 Timothy Path
Burgessberg, ME 93571",Y,miles
810,Bryan Cowan,282-66-0596,"8652 Burton Port Suite 445
Brownside, VA 18696",N,hours
811,Derrick Stephens,047-94-2918,"01645 Reyes Inlet Apt. 936
Grantstad, PA 89493",N,miles
812,Mr. Derek Ward,671-80-4852,"231 Angela Road Suite 501
Amberton, DC 94237",N,hours
813,Kevin Bishop,800-77-1483,"94503 Anthony Valleys Apt. 128
Schneiderport, KY 30480",N,hours
814,Chad Rush,341-47-8190,"USNS Holmes
FPO AA 43752",N,miles
815,Michael Sanchez,615-54-0882,"0243 Zachary Squares
North David, MN 91031",Y,miles
816,Sierra Caldwell,637-51-2073,"173 Morales Camp
Kingside, FL 50037",N,miles
817,Kathleen Harris,034-82-9978,"PSC 0680, Box 4321
APO AA 99459",Y,miles
818,Shaun Ortega,508-33-4043,"34755 Moran Loaf Apt. 855
Paulport, PR 26959",N,miles
819,Blake Ward,676-71-0155,"8774 Kimberly Roads
Baileymouth, MA 59474",N,miles
820,Brandon Lopez,790-91-7427,"77659 Nancy Spurs
New Kevin, WV 96081",Y,miles
821,Andrew Chambers,503-40-3848,"4441 Stevens Ford
Port Lindashire, NY 02292",Y,hours
822,Joseph Gonzales,219-42-3508,"083 Morales Light Suite 884
South Danielville, VA 47348",N,hours
823,Michael Burch,727-43-5143,"4172 Jeffrey Village Suite 465
North Barbaraside, PW 23884",Y,miles
824,Jeremy Cole,680-37-6713,"2248 Romero Brooks
Rebeccaborough, NM 70674",Y,hours
825,John Robinson,138-58-0447,"3160 Gomez Course Apt. 997
Tinaburgh, ME 36446",N,hours
826,Brianna Rowe,298-97-3044,"68767 Heather Fall
Amandashire, MP 79769",N,hours
827,David Grant,872-85-5566,"39955 Nichols Key Suite 047
Lake Juliafort, AK 84769",Y,miles
828,Ryan Blackburn,621-87-9315,"156 Harper Spurs
West Angelaville, MS 93194",Y,hours
829,Blake Charles,487-79-4714,"0924 Tran Pines Suite 999
Jonesside, MO 16713",N,hours
830,Marcus Cabrera,756-21-7770,"USNS Miller
FPO AE 64994",N,miles
831,Mary Griffith,347-99-2936,"PSC 5615, Box 9170
APO AE 59573",Y,hours
832,Barbara Solis MD,624-72-0667,"9432 Cooper Corners Apt. 127
Port Karenburgh, ME 74531",N,miles
833,Chelsea Ramirez,273-26-6815,"869 Marcus Unions Apt. 431
New Stephaniestad, PR 45991",N,miles
834,Jeremy Young,043-94-4764,"091 Amy Cove Apt. 702
Duaneville, NV 48106",Y,miles
835,Ronald Wade,656-72-0364,"PSC 5928, Box 2152
APO AA 77974",N,miles
836,Cheryl Jenkins,220-35-5938,"253 Rebecca Turnpike
Elaineport, UT 76476",N,miles
837,Maria Graham,798-93-3849,"2253 Cooper Inlet
Johnshire, KS 92340",N,miles
838,William Stewart,165-07-6456,"0040 Jessica Overpass
East Sandra, VA 04344",Y,hours
839,Natalie Chavez,426-96-0143,"3407 David Islands
New Lesliemouth, MI 05998",N,miles
840,Carly Jennings,546-53-6995,"6598 Logan Ways Apt. 098
Maxwellmouth, WA 21161",Y,hours
841,Chad Mcknight,227-72-4281,"9972 Shane Flats
West Holly, MT 39179",Y,miles
842,Leslie Fuller,320-95-9475,"679 Jesse Summit
Rayhaven, CA 65657",N,hours
843,Diana Alexander,612-26-8215,"44166 Greene Flats
Port Nicoleview, IL 97570",N,hours
844,Laura Green,449-30-3919,"38325 Amy Mountain
Baldwinbury, GU 30183",N,miles
845,Tim Gay,600-21-3465,"6723 Brown Street Apt. 200
Kristinhaven, VA 07019",Y,hours
846,Morgan Klein,111-49-1643,"20023 Howard Stravenue
North Reginafort, WY 72848",N,hours
847,William Larson,435-20-5205,"74244 Penny Curve Apt. 223
Port Tinaland, PA 09951",Y,miles
848,Kathryn Sanchez,674-81-7875,"9180 Downs Tunnel Suite 010
Mckenzieland, WV 30834",Y,miles
849,John Munoz,029-86-0992,"16565 Jenkins Extension Apt. 244
Bryantfort, IA 51630",Y,miles
850,Joann Ross,456-66-9713,"87219 Charles Ports Suite 178
South Josephfort, VT 52715",N,miles
851,Chelsea Dunn,797-62-9834,"87459 Cassandra Trail Suite 649
West Kaylafort, DE 35734",N,miles
852,Christopher Dunn,809-49-4692,"983 James Locks Apt. 109
Davisstad, MA 53937",N,miles
853,Cheryl Bradford,035-14-7834,"951 Alexander Stream
South Jackson, OR 73611",Y,miles
854,Nicholas Wright,437-48-3709,"403 Aaron Haven Suite 823
Ambermouth, MO 61708",N,hours
855,Kari Lee,737-26-4260,"16746 Mendez Points
New Aaronville, MO 68875",N,miles
856,Jodi Stewart DDS,796-04-5092,"0789 Travis Motorway Suite 515
Hillbury, ME 86269",Y,miles
857,Troy Parks,477-47-3178,"072 Mueller Junction
East Chasemouth, SD 43198",Y,hours
858,Ryan Allen,079-53-8305,"4980 Joseph Light Suite 786
Williamsmouth, TX 93253",N,hours
859,Anna Barnett,608-19-0664,"331 Gail Mall
Beltranland, SD 31875",N,miles
860,Jennifer Sullivan,435-53-0926,"2534 Jodi Cape
New Keith, RI 76286",N,miles
861,Mary Levine,556-34-2445,"400 Adam Spur
Port Angelabury, MT 24271",Y,miles
862,Katelyn Washington,508-48-8913,"71357 Stacey Overpass Suite 364
North Robinhaven, HI 29300",Y,hours
863,Molly Jones,767-15-8287,"146 Craig Rest Apt. 432
Lake Kayla, CO 49018",Y,miles
864,Curtis Rodriguez,358-19-0581,"130 Cody Mountains Apt. 598
South Josephberg, IA 79772",Y,miles
865,Brittney Scott,803-91-1204,"USNS Johnson
FPO AP 83955",N,hours
866,Kristopher Cooper,147-41-4107,"USNS Williams
FPO AP 72121",Y,miles
867,Kathleen Smith,579-86-7622,"83865 Dixon Haven Suite 399
Johnsonberg, AK 20092",N,miles
868,Marissa Roberts,771-99-6146,"6680 Michael Brooks
Lake Edwinview, TX 75086",Y,hours
869,Mark Fischer,084-21-2637,"PSC 4870, Box 8919
APO AE 95533",N,miles
870,Shannon Higgins,220-08-1129,"25029 Sullivan Flat
Hectorborough, IA 02443",N,hours
871,John Andrews,521-14-5602,"7465 Kenneth Extension Apt. 671
Port Coreytown, NJ 85700",Y,miles
872,Bethany Robertson,328-01-3201,"18307 Ann Flat
South Joshua, GU 70277",N,miles
873,Shannon Hale DDS,386-80-2674,"063 Martin Villages
East Jenniferchester, MI 37544",N,hours
874,Jeffery Garcia,709-20-0261,"USNS Ramos
FPO AA 12899",Y,hours
875,Lori Clark,662-91-3385,"238 Marissa Villages Apt. 696
West Adam, NV 22803",Y,hours
876,Randy Stevens,667-78-4530,"3440 Teresa Prairie Suite 262
New Marcmouth, WY 76850",Y,miles
877,Natalie Meyers,681-52-1617,"20745 Campbell Neck Suite 320
Kellychester, NH 99656",N,miles
878,Deanna Young,552-03-0536,"4083 Evelyn Passage Apt. 359
Christinaville, DC 73241",N,hours
879,Timothy Robinson,026-65-8405,"8850 David Overpass
Port Stacey, VI 18410",N,hours
880,Mark Jimenez,686-19-5671,"Unit 8382 Box 8846
DPO AP 35587",Y,miles
881,Steve Vega,846-92-5467,"0184 Christopher Locks
Patriciaberg, GA 79428",Y,miles
882,Erin Silva,179-20-4575,"824 Barber Throughway
Lake Jessica, OK 10619",Y,hours
883,Bonnie Buchanan,897-46-8610,"68882 Jessica Glens Apt. 581
New Dawnmouth, CO 51621",Y,hours
884,Alicia Lam,811-23-9133,"368 Tyler Ways Suite 010
North Carolynside, AL 39994",Y,hours
885,Lori Porter,451-18-8489,"390 Christina Greens Suite 751
North Lawrence, NE 29107",Y,miles
886,Kyle Reid,332-75-9101,"36194 Brock Parkways
South Suzannehaven, MP 14277",N,miles
887,Stephen Bartlett,222-87-7731,"92566 Amanda Ville Apt. 342
South George, IA 90142",N,miles
888,John Duncan,547-49-2273,"7777 Michelle Turnpike
Griffinberg, AL 38552",N,miles
889,Frank Hughes,424-19-6461,"170 Thomas View
Alvaradoland, ID 17840",Y,miles
890,Bridget Watson,193-55-5394,"Unit 5738 Box 8949
DPO AP 07925",N,miles
891,Dr. Javier Villegas II,840-11-7986,"6936 Clark Glen Suite 683
North Kathryntown, VI 93052",Y,hours
892,Andrew Clark,865-25-6628,"Unit 9113 Box 3315
DPO AA 34281",N,hours
893,Nicole Fisher,442-83-7272,"396 Katherine Manors Apt. 509
South Heather, SC 50829",N,miles
894,Adam Richmond,562-28-2450,"212 Wilson Shore Suite 004
Howardburgh, TX 09462",N,miles
895,Karen Barnes,501-27-8465,"782 Gregory View
Kingburgh, MT 36131",Y,miles
896,Mr. Brian Cobb,771-87-8214,"6933 Schmidt Terrace
Nicoleport, DE 50947",Y,miles
897,Vanessa Lee,474-14-5986,"470 White Ranch
Beltranport, UT 34014",Y,miles
898,Joshua Baldwin,451-94-6870,"990 Sanchez Brook
Hendrickshaven, NJ 91067",Y,miles
899,Kevin Leon,323-41-9440,"96792 Alisha Fall Apt. 885
Lake Alexanderview, KY 23027",Y,hours
900,Matthew Martinez,720-58-1154,"142 Lori Greens
North Raymondfort, NV 02627",N,hours
901,Mary Davis,595-30-6023,"828 Gutierrez Trafficway
West Kimberly, IA 89707",Y,miles
902,Jennifer Washington,076-32-4674,"7189 James Glens
Vargastown, OH 76755",N,hours
903,Kyle Goodwin,757-17-8610,"87250 Frank Shoals Suite 394
Teresaport, WI 07916",Y,hours
904,Ryan Jones,075-32-7956,"12424 Sherman Spur
South Shannonport, CO 97679",Y,hours
905,William Andrews,594-58-9821,"USNS Nicholson
FPO AP 95179",N,hours
906,Eric Scott,432-06-7851,"467 Perry Ridges
New Jose, MP 75993",N,hours
907,Dennis Garrett,049-21-5309,"390 Le Crossroad Suite 763
South Frank, TX 49353",Y,hours
908,Jackie Anderson,326-03-4317,"73782 Reid Valley Apt. 014
South William, OH 80406",N,miles
909,Dawn Duffy,039-87-0117,"76333 Garcia Drives
Smithtown, DE 92664",N,miles
910,Heather Griffin,420-46-5331,"358 Martin Manors
North Mitchellville, FL 45862",Y,miles
911,Darrell Turner,786-16-6390,"3226 Danielle Neck
Robinburgh, AL 11612",Y,hours
912,Lydia Williams,393-77-4257,"3465 Gomez Shoal
New Lorraine, MA 35687",Y,hours
913,Michael Clark,221-98-1112,"8572 Brown Spurs Suite 259
West Kellytown, PA 15328",N,miles
914,Mary Barry,864-80-0048,"64932 Sherry Rapids Suite 008
Bradfordburgh, ID 37721",N,miles
915,Willie Jones,364-03-5285,"PSC 5301, Box 3932
APO AE 09007",Y,hours
916,Tyler Day,293-78-3264,"98036 David Lock
Sanchezmouth, VA 56281",Y,hours
917,Joseph Williams,876-86-1732,"Unit 0932 Box 5188
DPO AP 87501",Y,miles
918,Mrs. Susan Young,432-96-6095,"181 Rogers Point
Jasonberg, PW 17220",N,miles
919,Ian Moore,818-01-0368,"905 Rita Summit Suite 627
Port Jasonburgh, IA 05230",N,miles
920,Jeffrey Mcdonald,015-92-6573,"45056 Jorge Locks
East Rebecca, VT 59626",Y,miles
921,Robert Rojas,560-70-1340,"24743 Michael Mills Apt. 204
Lake Lukeborough, LA 85518",Y,hours
922,Russell Hawkins,243-56-4998,"979 Ramsey Walk
Alexanderfort, NJ 34739",Y,miles
923,Amanda Keith,423-24-9874,"561 Ray Avenue Suite 048
Port Davidborough, DC 61732",Y,hours
924,Joshua Cooper DVM,073-61-6332,"567 Victoria Ridges Suite 201
Port Kristina, MO 53879",N,miles
925,Robert Herrera,125-93-7985,"711 Jessica Rue Suite 821
Hillfort, IN 36064",N,hours
926,Christine Berger,302-46-2073,"700 Rachel Alley Suite 381
Lake Maryshire, IA 96257",Y,hours
927,Colleen Decker,802-78-9192,"1350 Carter Springs
Michelleview, CO 78434",N,miles
928,Angela Stout,362-39-1307,"38245 Webster Wells Apt. 468
Bellfurt, OH 67533",Y,hours
929,Heidi May,478-73-8810,"8853 Stephen Crest
Meganview, OH 95845",N,hours
930,Martin Weber,437-21-5756,"4558 Alexis Junctions Suite 171
Cynthiaside, OR 74725",N,hours
931,Kevin Cantrell,216-93-7630,"5822 Smith Trail Suite 471
East Annastad, CA 34009",Y,miles
932,Jonathan Martin,475-83-4446,"807 Foster Drive
Lake Megan, MO 15123",Y,miles
933,Carol Moreno,866-46-6494,"2204 Diaz Prairie
Shannonstad, IA 59898",Y,hours
934,Marcus Carroll,374-83-1399,"25800 Bryan Road Suite 298
North Joshua, CO 47149",N,miles
935,Kristen Rivas,126-24-2648,"577 Lynn Common Suite 566
New Mary, TX 05525",Y,hours
936,Edward Hayes,691-07-0392,"93391 Clayton Garden
Gatesmouth, TN 19730",N,hours
937,Justin Mathews,770-88-2156,"713 Adams Corner
Jenniferland, VI 72977",Y,miles
938,Nathan Taylor,592-74-7808,"68008 Daniel Lodge Suite 913
Smithland, ME 52279",Y,miles
939,William Martin,267-71-3596,"51964 Nelson Cliffs Apt. 603
Cherylstad, AK 16319",N,hours
940,Kimberly Li,267-41-7576,"215 Hunt Squares Suite 245
New Maria, DC 87208",Y,miles
941,Amber Dominguez,299-69-9499,"3442 Kayla Springs Suite 778
Kimberlyfort, SD 70746",Y,hours
942,Cody Clark,844-93-9163,"6926 Stacie Highway Apt. 276
West Jadeside, CO 10404",Y,hours
943,Gabriela Lowery,222-30-7104,"21752 Sherman Lake
Port Michelle, VI 11939",Y,miles
944,Kristen Clark,342-71-1019,"603 Douglas Glens Suite 678
Conwayfort, ND 50792",N,miles
945,Anna Myers,497-41-7590,"47054 Mark Key
East Robertton, CA 86865",Y,hours
946,Valerie Bentley,823-74-9712,"716 Lauren Heights Suite 971
Murphyberg, FM 20708",N,miles
947,Penny Chung,180-19-1632,"Unit 7928 Box 8625
DPO AA 15501",N,hours
948,Brenda Smith,243-85-9328,"02112 Douglas Vista
South Tonya, MH 69721",N,hours
949,Lisa Foley,832-88-3066,"3211 Lee Vista
Jacksonport, KY 30768",N,miles
950,Kelly Haynes,461-92-3702,"324 Christian Rue Apt. 178
South Jill, RI 89395",Y,hours
951,Kristin Smith,844-66-6987,"894 Vaughn Cliff Apt. 470
Lake Thomas, MS 36528",Y,miles
952,James Brown,185-95-8691,"3516 Hunter Dam
Ericburgh, VI 82512",Y,miles
953,Cory Gallagher,318-35-7565,"712 Haney Crossing Suite 777
Jasmineport, MP 31954",N,miles
954,Catherine Kim,579-38-9203,"241 Roth Creek
Jenniferside, PR 16482",Y,miles
955,Bradley Ellis,540-58-1947,"2309 Jackson Wells Apt. 358
Whiteton, CT 95376",N,miles
956,Toni Blair,558-54-2366,"Unit 5756 Box 6520
DPO AP 37204",N,miles
957,Lisa Kirby,130-86-6984,"242 Nicole Lodge Suite 951
Brownmouth, SC 72095",N,hours
958,Sandra Watkins,583-99-2853,"4479 Felicia River Suite 838
South Dustin, CA 28848",Y,hours
959,Miguel Fisher,338-71-1328,"2306 Hill Knolls Suite 545
West Alicia, NH 07941",N,miles
960,Alyssa Adams,294-35-7763,"USNV Chapman
FPO AE 37452",N,hours
961,Sheila Welch,607-27-7396,"65984 Sydney Ranch Suite 905
Cookview, MD 70502",N,hours
962,Kathleen Erickson,160-31-8792,"8500 Thompson Causeway
Lake Roberttown, DC 27656",N,hours
963,Scott Fischer,411-56-7566,"131 York Island Suite 924
Robertschester, CA 61059",N,hours
964,Connie Norton,787-44-9881,"733 Beth Islands
Johnbury, VT 03924",N,hours
965,James Duncan,634-17-7115,"685 Bonnie Creek Apt. 855
West Andrewfort, KS 87725",Y,hours
966,Carly Hernandez,573-33-8194,"439 Dominic Extensions Suite 332
Lake Walter, VI 61194",N,hours
967,Renee Jenkins,615-88-5682,"940 Brown Underpass
Judyfort, MD 39203",Y,hours
968,Chad Mckenzie,691-10-6664,"02520 Kathryn Drive Apt. 956
Pamelabury, VT 07770",N,hours
969,Kenneth Hall,737-13-7984,"963 Le Manors Apt. 710
Dixonfort, SD 66352",Y,miles
970,Crystal Farmer,273-49-1002,"015 David Shoals
Adamsview, MH 54833",Y,hours
971,David King,212-74-0037,"92175 Cervantes Shoals
Port Gerald, GA 45339",Y,hours
972,Christina Galvan,307-85-3642,"0053 Bass Shoals Suite 033
Edwardsbury, OK 11596",Y,miles
973,Linda Mcclure,819-24-8751,"661 Thomas Expressway Apt. 551
South Carol, IA 73124",Y,miles
974,Melissa Ferrell,755-79-2021,"885 Kristine Streets
Anthonyville, NH 63573",N,hours
975,Donna Brown,025-51-7708,"971 Brown Roads
Walterland, PW 07925",N,hours
976,Daniel Joseph,248-07-3633,"36350 Brandy Motorway Suite 089
Nicolefort, NC 82953",N,hours
977,Denise Hebert,754-21-4282,"923 Richardson Keys Suite 403
North Alicia, ME 37930",N,miles
978,Rebecca Ward,529-12-6422,"4386 Richard Parks Suite 797
Sarahchester, GA 52865",N,miles
979,Patrick Ritter,338-97-5071,"33011 Lindsey Ridge Suite 003
East Emily, OK 58095",N,hours
980,Bradley Tucker,021-93-1400,"08868 Bradley Trail
New Ginahaven, IN 25618",N,miles
981,Amy Anderson,574-91-4898,"USNV Jones
FPO AP 13344",N,hours
982,Nathaniel Kane,324-45-5405,"64706 Baker Grove Apt. 654
Port Michael, TN 69074",Y,hours
983,Connor Schmidt,117-89-2726,"4170 Daniel Loaf Suite 660
Scottville, OK 39718",Y,miles
984,Marc Snyder,027-10-6379,"USCGC Holmes
FPO AE 93868",Y,miles
985,Drew Lyons,758-52-4624,"USCGC Gibson
FPO AA 44787",N,hours
986,Christopher Silva,373-29-7156,"830 Case Freeway
Port Charles, NH 07249",Y,hours
987,Megan Dougherty,310-26-9718,"90347 Wiggins Court Apt. 500
New Rebecca, CT 27653",N,miles
988,Paul Deleon,527-61-5021,"81949 Jasmine Inlet
East William, KS 65168",Y,hours
989,Jessica Dean,818-75-4254,"4107 Isaiah Prairie Apt. 734
Morristown, DE 25886",Y,miles
990,Rachael Martin,897-98-0564,"10918 Hartman Parkway
South Alexanderview, LA 99742",N,hours
991,Ebony Carroll,097-62-6383,"062 Matthew Ridge
Alexanderhaven, WY 92294",Y,miles
992,Antonio Marsh,300-91-7605,"54991 Travis Path
Port Chloemouth, OH 96573",Y,hours
993,Melissa Williams,845-83-1432,"162 Ruiz Track Apt. 046
East Samantha, MI 72070",N,hours
994,Jonathan Rogers,167-69-5895,"4227 Todd Springs Suite 084
Lake Maria, MO 65834",Y,miles
995,Andrew Odonnell,400-31-2592,"7275 Harrison Place
South Gail, NE 86097",Y,miles
996,Dawn Lane,612-79-4061,"334 Antonio Glen
New Josephton, LA 77821",N,hours
997,Kelly Lucas,611-26-1350,"PSC 4087, Box 3921
APO AE 24761",N,miles
998,Jacob Rivera,816-11-4895,"6869 Maria Neck
South Heatherland, ID 99736",N,hours
999,Ryan Gill,391-48-1197,"6755 Coleman Fords
Stephanieport, AL 43933",N,hours
1000,John Kennedy,706-09-0031,"70628 Jackson Lake Suite 848
Connortown, TX 09446",N,hours
1001,Lisa Patel,583-31-1329,"8850 Hughes Crossing Suite 857
Lake Valeriechester, GU 93598",N,hours
1002,Michael Mccarthy,550-20-6627,"PSC 9678, Box 3937
APO AA 77652",N,miles
1003,Mrs. Erin Bowman,252-99-3919,"33523 Erica Groves Apt. 313
Thomasfort, NJ 31784",Y,hours
1004,Ana Williams,781-75-2797,"7094 Rosales Shores Suite 644
East Jessica, FM 22139",Y,hours
1005,Caitlin Michael,584-29-7324,"06118 Shelton Crescent Suite 228
New Brandonstad, AS 30557",N,hours
1006,Timothy Mullins,247-07-0451,"726 Dennis Ways Apt. 046
Lake Annaton, MI 15256",Y,hours
1007,Matthew Jackson,595-14-2659,"085 Joseph Station Apt. 024
Port Sheriside, IL 80673",Y,hours
1008,Blake Ochoa,863-08-2767,"286 Janice Ranch Apt. 906
Sherryhaven, MS 07776",Y,hours
1009,Michael White,612-08-9050,"93229 Alexa Radial
Lake Crystalshire, IN 48804",N,miles
